Id,Price
5067,1020442.0491030514
3722,1118845.5744514167
6820,1956299.429146558
3103,789019.6905414164
2820,1165064.6691294014
6369,1775104.87115556
943,1658341.8533632755
4954,1239390.8195949495
6294,1044104.2873792946
6372,1438259.448578477
6376,1806712.2543122172
999,1672224.8655236363
819,799247.992035538
1053,834647.8867507577
1030,1157292.5038682818
4824,1814916.0984112918
3612,1278880.6785027087
6366,885009.4900074303
5117,1201732.8692839742
5039,578117.0468281806
334,1809895.387988031
2945,865693.224869132
298,1072841.095657885
472,1984508.9705777764
5788,820214.916244179
4015,570397.4189266562
3639,893137.5933834612
785,930426.9788634479
344,1980527.1731130183
6731,247530.26328003407
4482,912624.6675140262
1415,1202059.0429738164
1262,1240528.6771937907
5642,1321869.498561561
449,680652.9994374216
5110,295358.00326290727
3007,1169747.9668257833
205,1095793.27153185
1353,1809778.3738348782
4638,819217.6478482187
4356,785718.3325028718
3734,793842.865470022
6630,689847.8422037363
578,632689.2474465966
1398,1250081.5068909824
1140,913002.3933987617
2006,1439674.8816099465
6687,855280.8428916037
585,1668518.3371074498
1116,892793.0652890503
3356,1707554.9153551757
525,1201954.2668393552
5720,464947.1522420943
4938,699444.9519784749
5294,1214357.5470380187
4880,1863537.5158976316
3446,602074.0188506544
5772,1061861.7657999992
4214,530820.9075373411
891,1448347.208701104
5523,980570.3274409175
4000,1537433.421627313
6179,1145470.387705624
3049,1930013.954960525
5400,864222.8095388412
2049,854543.130643189
2629,653689.9129340053
6449,1599622.1963101625
2043,868330.4963011742
2553,143937.43359848857
5153,1805458.2484159172
4905,1456810.9258151054
6326,212944.89621457458
4229,1102131.369288236
1136,1186894.907530278
4981,408661.2159932852
1051,301210.3849193752
5742,959671.4163257778
4863,1264996.5088056326
3640,2033919.1024584174
3077,1881530.8901550472
1707,751847.0607608259
1661,543409.0969725847
4697,1084964.5980285108
161,2662255.7022589147
1725,1088214.5636391938
5862,937618.3303099573
6044,1787474.2382534444
4463,1151452.4539149404
3429,2705957.217894107
2242,805301.2569573224
6395,1336366.3321021795
691,1186096.833767444
5296,658240.3863211274
1420,713369.6142832935
4290,1724167.645253569
6155,1333199.0969523191
6799,1562022.5495699346
465,1233954.424881518
1122,792791.691123277
2419,488868.7564034462
1231,1035423.5788003802
4408,886757.5192478299
527,1038848.2707001865
175,363902.74027720094
5871,429963.5520333946
6351,1615608.8283519745
3550,604228.3759044707
5626,644445.8569899499
4084,342930.4707874954
1307,1171818.4655964375
3659,1193478.6551268995
4711,978624.6641853452
1080,793466.3954195976
379,1849090.706873715
4975,170130.85336211324
6368,1789232.114354074
2148,476375.5906071067
2444,1081825.1452268064
5660,-117990.85439372063
172,1290266.1250318587
6659,1307087.1439007819
1266,498578.186527282
5676,904988.5918508172
6113,744305.8142495751
6762,1235711.9710367322
3234,766412.5343169272
6540,1438944.4205513299
4265,404292.6699358523
5019,1573301.376365155
3754,735244.2433227599
4920,1673053.0032930672
5037,1111961.4104907513
3772,799241.4990897477
2789,1497925.5739606917
5648,-383877.86693003774
4434,1227102.7917567492
2431,1127796.1541678905
558,698414.4336849153
2222,507546.32326847315
5877,1232219.5742737055
3293,820535.2320184708
6108,798053.028141737
2611,1826071.5082932413
2088,1628236.2152698636
5388,2163229.9003490508
1159,822588.8612033725
5622,897818.6500013471
3821,947795.9818457365
2516,1305086.222340107
5739,789897.3905180097
5506,1892891.0687849224
6628,549182.5198273063
5883,2371570.333874285
1727,800762.0423829257
2375,262945.64629787207
1645,378656.5847377479
377,2167258.0326232016
5307,-300375.017552644
1600,912791.7177731097
6413,681154.2957514524
6204,1896073.7490971684
1713,1074608.3102703094
5629,555946.9137473106
2853,1047052.1540922523
4159,281065.4767359197
3184,829088.2894065976
3894,1176488.2865936458
1649,481701.6892655194
2310,1049396.5508412123
6717,1689013.8716160655
654,1349238.3274698853
6304,323330.4506047666
1926,741528.4405419827
4509,1278229.5118090808
687,889296.4637021124
3464,229311.5368551612
4459,310406.1927584708
4180,363299.31680604815
4539,1322637.6244264245
3586,325604.3621671498
6436,1289027.8188861609
6648,1421125.2479911447
2002,2141181.477981776
833,964132.8921933472
369,2973583.7082484066
548,523755.8373809159
2513,1094830.9701769948
2330,1198094.9932224154
5878,1691560.1230870485
4371,1370900.2029998004
5196,678664.9730966389
1539,1420246.6713330448
1804,232344.97002661228
4732,617145.136496067
5789,422236.55055597425
5300,1007621.6375178099
5478,1492154.5354707837
5299,1690277.8733928204
111,742371.3396023512
3389,1072606.92249012
2108,1103353.208512038
485,987601.0715911686
5405,969372.512409836
4588,661596.0476264656
2666,1394109.278411746
4332,610383.8252623677
6165,619303.7410172224
5305,-171952.1065017581
1806,923463.4513724148
2958,1715695.3640758991
4383,614145.7020950317
348,2267491.0607905686
5212,1223320.644521445
2050,519125.6927443743
665,2039620.332928419
4029,1110958.8942284286
3665,1089365.7222640216
2322,775803.7045363784
5386,506839.84352856874
6321,1449276.915692687
5515,1768950.4988003671
1604,712500.4277015626
1854,1639534.9567150176
1551,2305382.7863276303
6655,1098019.8248780072
6320,625234.8816895187
256,924712.8217143714
1279,1059652.4364471734
3343,1676270.042389989
4968,2254694.869689107
352,1817654.4608262181
1380,1855617.5549614131
250,523819.30027881265
6025,785288.653380692
1232,2005399.0811658502
137,1723664.7234241366
563,907513.7201178372
2289,1362983.283002317
1316,1670769.2072501183
2462,1260310.938151598
5900,643579.823353231
3319,676139.8047472239
1035,1247903.7055230737
2146,692495.3717927933
3925,946352.169411391
1678,658710.3719189167
160,1113745.0593200028
2595,2153248.295979351
4598,844727.9975543022
1317,1461349.6880145967
5658,1177539.387773633
4896,2359137.3864322305
4109,589155.0984455943
6623,671168.4041082263
6212,919830.5550454557
719,1945142.2647290826
1715,630235.2877167165
3487,713205.8241517544
541,279741.18892487884
5563,2216403.904739827
5723,1333676.8733551204
6444,939932.0189709663
3119,1500260.9099582732
2801,916133.2155970931
6809,712738.2823265493
3129,886163.2885211706
2370,2127275.861286491
2567,644183.0401812196
857,854357.8057824075
4577,545836.3198006451
1409,2575632.927104205
1970,596522.5042795539
1184,1117473.7898377478
840,1399792.925186783
2766,742852.3149587512
488,818171.5545875728
5913,1777750.591597855
6795,1151365.3702788055
3876,1713538.8709721267
553,807217.9931951165
2164,1380936.4107277393
6633,501060.7016277313
2086,720061.8173376322
2459,1171435.9263716042
6591,160490.71280676126
5383,836843.2951485217
1240,1837389.1401218772
3743,1630949.6342891455
2197,499626.91440552473
947,1294513.1657572389
902,2258566.956587583
4885,1176188.190830022
945,765742.8139283359
4453,1597619.0902540088
6379,2425286.2838127315
898,1468363.9771228135
1908,1274008.1378600895
5494,827002.460023284
689,1019618.8712399602
1236,2865151.636006862
2203,1574107.440131247
1297,477952.700286746
3143,762437.4161164165
3668,608566.9970026016
6345,1049665.2612481117
685,1120026.2564215362
2011,2210904.8028898835
3819,960870.7319375575
2780,589740.2750784755
2529,840192.8494031131
1597,649115.1898505092
3701,1425435.4372392893
1873,1004861.1906202734
1562,2337865.441924125
3771,2235603.2306910455
2305,525646.5458771586
663,2441371.21540156
4483,1498620.0144860744
2994,668264.385302186
2980,440176.7015141845
6744,347789.9142884612
2362,902213.5181916654
4552,1401869.0427008867
3116,896314.9687457085
1528,910945.9659285545
5572,1477180.2441167235
5644,1391329.649416387
2190,320598.4887239635
4451,1037698.7813820541
6317,67041.9849371612
568,1300669.8381283283
6164,1580129.4099553227
1377,420945.1650339365
6747,1676319.609032154
2381,925049.0421924293
5414,809405.1047879755
3258,714510.6320973039
5503,1392454.2090037763
2076,669330.4052578807
690,812870.850295037
4092,1991992.2397245467
5309,1885986.5977050662
4255,2758540.330020249
2689,931774.331802845
4630,464139.44734591246
6679,449848.6434661448
593,2421689.1208120584
1350,731710.4552221894
612,439958.4061972201
2408,1158430.7659612894
644,1822511.9704041183
5216,489188.4436650872
5520,1176140.6875257492
725,1177724.216374904
1966,283340.01454889774
1875,767157.6591525376
2784,401006.1472079456
927,1167760.6267275214
2632,695764.1170531511
5259,-77875.93151196837
4678,1042849.8830366433
2504,1116345.0670630932
4978,2655548.089778602
5075,572581.7485455275
6405,1116310.710186094
3927,673140.4278128743
460,991373.2845905125
5407,1301833.4845058918
1898,851810.3846644461
782,1040643.2089318931
2920,498513.565933764
4852,2580177.9817637205
6600,2201230.4131157994
5981,319766.8317311108
4072,1375362.0753430128
3726,777922.4696300328
4541,1553874.4673030972
5602,1214832.4250281155
4977,1252318.8055727184
1135,893196.4750240147
5828,1217949.4405395389
836,928614.1458536386
5584,930790.9166606963
694,1062970.1492251158
739,2419494.0328497887
1219,1793483.7661011517
1024,1060759.1620417237
576,1381230.2484679818
5293,1112502.711556673
4936,1105407.874944687
279,729131.7559172511
4844,355002.82922774553
6549,1709134.3637261689
5228,1164211.9597412944
4166,521761.68334499
269,872217.9020096064
4033,1352750.4554530084
3866,1517041.667853713
24,734619.9817797542
2757,870303.1117082834
5288,668562.1921628714
953,589837.5637678504
4296,1775057.8226984143
4017,559330.6773504913
2524,1530297.1407996118
5773,1162118.5629542768
4521,1176484.5843443573
6324,1302328.144167304
1498,691408.878206253
3660,1603705.4015608728
192,495798.5812973082
5174,1131859.3023830354
4964,2412395.7056623697
6506,1184862.6025976837
4877,392159.4268207848
4392,1400868.5335521698
3921,519566.77114871144
6551,172655.18305301666
4556,901742.9615360796
4990,178259.61141127348
4019,760314.319653511
1270,732177.8933835626
3671,1297338.270934254
3935,814214.2539524734
4273,1488118.5275354981
1092,924869.5647273362
1042,800047.4790578187
2925,1856316.6032541096
800,459035.89156883955
5719,653635.8018779755
3635,114076.66907635331
4306,848493.5978737473
3763,1630949.6342891455
6763,1061711.3334091008
4051,977738.2569919229
6012,249888.27985170484
5451,996075.8179808259
2915,948150.9687831402
4769,1001631.7572146654
2199,504162.2766689062
3017,298585.393140316
6279,829724.29268381
2859,1165645.5788897574
29,633143.2957157493
6232,793042.619151473
5975,232947.18510711193
2079,2502541.8337582946
4992,1126326.9235824347
5229,1119354.9625551403
1591,2062885.4703378081
1735,978720.6863267124
3048,1205352.3283471465
5261,1083664.1893731952
3597,206839.25777336955
604,1943871.8301468194
129,1678531.6588883698
3463,219078.2597528398
2428,610152.086727649
2425,1700278.4937817752
662,671530.7467793822
100,146749.322737962
6422,1332566.4273054004
3035,1445106.8870586455
2112,1390180.6117143035
2808,299483.13874685764
4850,2157176.26159513
5689,911291.069028765
2045,1199175.8786489367
6710,1946177.8044377565
584,1930925.5951951146
5410,549585.9162486792
1224,1619082.4105875194
2827,816821.4905261099
6295,1445116.236840248
6617,1904716.549350202
11,929834.710922718
6770,508731.94290837646
6640,1015846.5814667344
1215,1310056.693142563
8,1256693.6819389164
4973,666018.498829931
614,1275859.3750274181
929,1825317.046045959
1546,606513.0029505789
3830,179887.1894044876
5352,461213.1054510176
5002,424175.69751256704
5908,404206.87253558636
3588,1080876.8535238802
341,1910421.8625132143
4503,1499539.52123788
2299,1575665.305934012
1275,740256.3465818763
842,1603105.836432755
3159,764948.6791538298
3647,472177.32448381186
2013,794367.3071484864
2767,211635.50982514024
3858,828316.2980956435
770,2070132.745722413
3044,1685874.530605942
6560,688677.4210150838
3146,669846.0826453865
5865,1600680.4242292643
6243,943575.3725714087
6557,619782.3249985278
501,1159533.5928877592
3026,1563710.4223589003
5576,1462873.74383685
4038,635894.1009595096
3488,389785.7961253524
596,736583.8563964665
1565,1553865.6387265027
1094,649227.7105350196
1787,2624751.7009463906
4949,1529293.2228772938
3355,1359647.1498642862
5874,587842.9599134922
4236,948125.8027161658
4036,1286616.7919148505
2405,1089413.8393264413
1592,1657202.049622029
2243,431903.87327826023
4324,794914.4284759164
4155,1739258.3248019218
1942,972153.4198074639
831,1872918.5829162896
3187,832475.0217317343
5201,1926205.4434584081
3481,1153102.3319422603
2675,1657579.480365336
2930,1471033.8287712038
3879,477240.712854743
4278,1208551.7433449924
4340,631235.0682017803
3891,1166263.5598088503
2333,879117.4064758718
4699,178674.5455969572
3243,656267.8366408646
6683,1039683.640229106
751,1453415.59018144
88,1466466.2597858012
1301,722518.7030695379
3320,1722062.420830965
3382,280038.9833519161
4972,1416698.5384208262
2964,1450656.7132354677
931,495966.14503371716
5825,1645739.9088313282
6808,1057736.56776008
5195,1392880.988371849
3179,409903.431078434
5881,786816.851805985
6027,841353.4738934636
154,1233487.0099939108
3368,1049043.831123054
4082,1362130.3406179845
2919,389627.06409719586
2570,504496.0183030963
761,529894.5152693987
1526,574699.0215289891
2823,316366.0412554443
2451,1064754.9937226474
4689,905036.6896911263
3852,765237.7562862039
420,684401.3714247644
3346,686483.7707440853
3379,784312.1192966104
1124,733540.6443350017
67,2039538.4991714358
5438,228334.83467754722
4466,1125049.5269716084
4387,1184479.0483521223
2743,413329.9634811878
3037,1929678.0492885709
1913,1121455.4795779288
1306,411655.97107958794
5944,830323.4371190667
415,444911.63586196303
1182,837304.5808590055
5706,820907.804924041
2340,937058.4945395887
1497,308015.42982143164
6707,1642809.3246995509
4199,299507.61970949173
4989,1471428.9669864476
258,705169.6722929776
4420,1020744.2974074483
6048,1438099.3710542321
5485,874659.290169239
5275,982663.3135071397
2027,2296487.4608433247
2230,1900926.7220807076
3654,940925.2984840572
1932,880709.0991294682
248,595049.5035715401
4323,169848.21761852503
4665,463863.01360300183
5976,807621.3888906538
5136,830118.5418869853
6115,1135161.9516200721
2777,1371103.421367079
5762,526019.3066762388
6208,2022564.3860974908
5610,2349735.62000975
5204,1637993.161296159
5616,833963.8314215839
2306,471730.9417286217
6598,841514.5879810154
6370,1285709.3627417982
5394,698422.3296245337
3559,749310.5341531336
221,1520961.4238630533
2025,941735.654679358
96,785367.3070761263
3002,1451402.425088048
4979,657898.0613181591
1269,1359483.3737487197
1512,984215.8030063808
287,1731512.9211367369
549,717744.3570906222
1672,630586.538287133
3288,818155.9745506048
1686,1812870.1022391617
5599,1484004.6156873703
6174,330960.53782743216
1277,907261.8575060964
4362,1254790.7616695166
5978,1231044.1738616824
2373,1257585.2869576812
3504,577475.1825487316
2894,594920.5331508219
6400,635685.4181782603
6010,671214.0430945158
3810,594677.7587332428
4847,1212924.9876337945
6682,1720071.7647035122
4995,1442167.3408291936
4860,680192.9513629675
5936,1057146.7844359279
1598,783489.6656764448
5620,536719.3549886644
5784,1203693.5706009269
4113,1795750.0123958886
3757,1962648.683379978
3474,854251.5723748207
4455,597357.5553286672
535,1545238.5484663546
5848,559718.9364194572
1045,1246072.4928548038
6642,1575766.0428940654
6783,1143169.833037734
3857,1674141.196975559
2017,1370996.0031494796
5042,559479.7436671257
631,1635107.9547668397
3953,1046761.3387461305
3802,390475.26213920116
4572,1771230.439686805
6458,1977108.2950618863
3908,119401.69300973415
2290,1187310.3164089322
3733,723055.3692500293
4423,796648.471915096
854,645730.5874631703
1134,800971.1819035113
4649,717416.0066495538
4003,1296732.2230684161
2668,717017.9827165306
3663,976681.9479007721
1770,904328.0057248175
4523,1055970.1427999735
4197,798054.5802287757
6822,766059.1139948666
5566,1724816.3294272423
2070,1966518.4984285831
5051,1699229.3396263719
4657,1472826.7878774107
2690,1225805.6208434105
2354,1395147.1426791549
6826,686717.7526200116
6233,1476786.8075133562
1705,1316592.5999961197
5985,245097.4540374577
6290,810325.1644365788
1121,753973.9815199971
6631,608656.4111326635
3585,1325662.8527393043
3706,766752.32729882
5666,2320909.141481608
5038,1141613.6290065646
1808,1109917.520428419
5278,746254.7709220946
4490,1248353.0132595897
3369,1380132.7305590808
5404,938825.585229069
3009,1111822.1953049898
4001,920655.0144440532
2116,725663.5893399417
6147,916269.5723561645
1481,1066100.917312026
781,380004.0719181001
3170,713618.5161500275
3940,430495.3174354732
930,1159184.5141388774
3687,1185793.8477506638
6420,1545906.7662443817
156,1572404.8818820715
2366,856899.1988837123
1139,1191561.2349880338
4524,1194938.1863671243
3978,1779519.0438279212
1792,656132.9626296461
1447,1536659.6289566457
5113,1407753.355687052
1631,723904.3546772897
2120,525996.6049493849
178,1251157.7211271822
15,1139389.9573643804
1110,712351.8657293618
5971,1162635.7333914936
6278,419882.00941091776
6334,370693.7398019433
4314,793654.469309181
476,1578702.6292427182
763,976400.5398429632
6798,776396.8020075262
4027,1883679.401572615
2657,1499512.1145450473
899,2131575.9159431756
4442,494620.88765877485
2150,1517282.9592006505
975,573520.4109191298
1180,686555.716173619
6387,933533.0999967158
2916,574584.2648754716
686,1055096.7363560796
3221,1702361.084986806
925,620279.0509621501
5168,745762.6939073503
1371,1467379.0533173978
4865,440345.7652517557
4777,637197.5544048846
2626,1497697.5770967305
608,598049.1247668862
5639,1773193.8185482025
2735,821749.8288914263
5011,2166268.395760685
3437,1013823.0457535982
5031,144641.26399621367
4691,928239.518088609
4626,979193.2841774523
6388,1396554.0619374812
3242,741977.8333554566
6072,1892674.120835036
3250,737896.8219177127
3728,766644.0781669319
2700,1039957.5830893219
388,1458660.1147059798
105,337228.2175921798
2286,1175553.1328013837
109,848891.5508105755
3273,1051860.337851882
6440,1011738.8671332002
3991,887789.3166107535
4974,593323.1661625206
2702,1664244.976031065
2619,1781078.6036701202
1617,608629.7694464326
5597,822909.1320625842
3227,1088126.171327114
5139,-336643.88208422065
5364,840918.4987064004
5103,461076.529389292
3448,1783400.7313963175
2023,2139201.554997593
3122,644806.705622673
711,325983.9339516163
2411,478770.64882844687
493,1211075.0371151268
2122,257822.18942674994
83,1804721.5448355079
6722,1101140.6577119827
4186,504546.20095816255
80,542633.8930752277
3766,754942.9510053098
4807,870095.6320243776
3724,479460.6885665953
2012,2262270.693188131
571,1011296.7838739455
5439,1384257.8721796274
5691,1567518.01124987
2874,546092.3060489893
511,1000511.7386388183
5112,1173476.743740052
6493,1657623.6742724776
2616,1282712.5961593986
3074,567864.0887709856
2519,826056.7930038571
3811,487846.82868382335
1008,1902472.1378997266
6691,1147756.1849899292
5220,778530.9174047709
5631,1471779.3649972677
4922,1266683.0567378998
6535,1435288.4161879718
6485,2334271.2295042276
5918,-51452.82991838455
741,1202993.2032335103
2671,1391228.7221861184
5827,139465.42955365777
1005,1505157.2432946265
1168,1342637.8861141205
2738,1328320.9087401032
1086,1125839.2346562743
4158,480068.78267747164
3067,1047705.2408388257
3769,1936175.7100109458
293,3092132.3783422112
3582,1325421.1004306972
5768,1333816.5940527022
1535,1954144.8498591483
2344,898683.1711108387
4702,2081263.2854844034
247,2102159.408920586
2577,852617.2304394841
5715,-121882.16183295846
6605,1029443.1097593307
1214,959763.1203586459
6450,1220197.0183944702
3404,1781215.3716436028
4200,689328.1685538292
622,1816155.4815126657
1731,1852670.5498131216
6804,877836.3040755689
2699,1218327.2073006332
3408,344976.0684963465
2857,1065338.0318225622
856,1774024.285381645
6685,2187917.393037677
6728,1196033.0808853507
6059,879163.3904643059
847,820748.2749352455
6081,142726.15101504326
4081,981929.3541650176
3309,1263514.0258300006
2943,1042961.1265813112
3696,496608.7909640968
863,947152.812767446
5922,1178630.0366875827
3958,1800154.155542791
6438,1710167.3064907491
6029,261196.12329161167
5385,60800.10279259086
3395,1024237.4416841269
3966,1144119.9360753596
994,512964.329865098
5920,1213792.5683579147
2365,1113620.6342506409
4825,1726527.2026815712
1313,1034972.5649558902
2775,191215.8354434371
4839,901499.226390779
4380,638442.2762676477
2737,1073097.6711485684
5509,542763.5844991803
5815,947786.7901494503
3345,1807146.439394623
398,1208040.6938475072
4617,1125731.2822762132
4117,819053.804371506
1851,1059628.2844729424
3627,386481.3934302032
2975,1421448.134292692
5603,1730309.8801364899
877,1399423.6115702093
1560,1403641.4278585315
3283,621385.2284783423
6105,535426.7259075046
5917,374249.41108217835
446,1726256.9399817586
1505,1385793.6736546457
3232,736745.1555406451
5593,612946.2192588747
693,410986.3662058413
3036,1818025.7075554132
2,1186339.3139656782
2115,652205.9286679924
2829,1064149.6079849005
6482,536267.8061567545
2213,1638143.8509986699
3297,684548.1103764176
69,1386537.0455124378
6510,749862.4655115604
981,1591004.846165657
3779,777838.9222382009
623,1719601.5829841793
6175,779896.3086175025
6520,625203.0602698326
359,1908518.9548169374
1362,1337552.4002729654
2866,1120402.6868041754
1885,753681.1835354865
4476,651825.5096452236
5687,844779.0578766763
1070,1303469.2257004678
989,772896.1675833464
395,1819766.9752573967
2656,1354939.025403291
4187,1182669.589690417
4596,2024755.9569123983
6129,904613.3433657289
6319,1321234.9716065228
6455,928876.9596526623
6639,1725701.6987604797
6193,256861.73102766275
748,273645.5395861566
6664,1006807.7391890883
5012,1157888.647609055
5864,1701928.8528017402
255,1538962.5440618098
4069,1551692.398357153
5349,1265324.0719958842
4570,594478.0679944456
3108,829971.635304451
5066,1836574.3238931894
1517,1017241.4607078135
6097,557849.9208787382
6019,448098.3432625532
85,1441841.246600479
6746,1995148.1735944152
1120,828479.2000392675
3661,1511719.4085056484
5800,974216.9894966781
2087,2041250.425228268
5013,340560.0130607188
5428,986801.1104712188
4888,1619538.8829270005
6082,1627076.2157076597
6695,1750022.8333479464
500,1140032.8205322623
6331,1417388.745159924
4736,964803.6565175056
2858,925494.6654325426
3375,867346.8038751483
4478,801905.9479977489
1457,1213403.8312104642
1900,831131.4513916671
1714,1830162.6986674964
282,667792.5779096186
1265,605607.4268714786
2819,1011283.4178213179
6561,891038.5059401691
2887,361817.08951225877
1641,195198.1951006651
4543,647760.9829630256
5025,1033164.0470796227
1130,1129900.409121275
5749,996604.3968720436
2171,367777.63187789917
712,1102848.9186419845
6578,1422284.8525809348
4845,229222.715467602
682,417024.558018744
4675,1709332.371724844
1943,977110.4100787342
845,1110521.3546901047
4514,1679586.72474882
3873,1734785.4609269202
2935,1841864.3581592143
6786,1238343.106022507
5714,1714917.0967957973
375,723308.1131646335
3730,649616.8465034068
2218,1493693.0107841194
2480,1119569.185569495
5107,194252.1308451593
2591,1101399.7656117976
2961,1428039.9573795795
4272,575306.2933259308
1113,498589.8878364563
2028,1589860.1339992285
2311,1093891.9721799493
6734,1615218.5918103158
3742,386439.8159634471
6236,1757500.022023946
6584,774437.6460241675
3136,1470020.5052437782
2060,348233.3105595112
1429,1125051.5098601878
702,1242802.4996098578
3145,746342.472230345
3804,1694977.2571889758
934,1161692.568888247
170,1106099.793371141
1501,1093866.2610049546
3413,1023708.0914704502
3548,1522070.8997123837
1052,238991.0929364264
2452,880824.2939314246
6347,1728596.223278731
5604,766201.8839500248
4299,1225711.8958831131
5488,976518.6218418479
1201,364237.49990451336
5562,1802517.8740002215
3669,547384.2127391398
3768,1695364.6650294065
6673,696269.4807798862
1427,318292.27861237526
6231,1621374.67296803
2142,912455.9190984368
6475,1490863.8387806118
1309,1054172.587603122
4611,393533.52138614655
5857,435960.5014654696
134,1251552.0138163269
1442,1500874.3874027133
2944,1548496.6700281203
1853,1666426.526990831
3992,1462136.1130823493
1912,1277802.7857711613
2211,1901945.493739456
2705,1043750.5968498588
3747,2049410.0439804196
1826,1125590.9823314846
3562,1556791.7963078618
1194,254117.53972628713
6635,552476.0973216295
542,941417.1841828823
5252,520713.2737774551
2576,817866.2224589884
459,1086293.775476545
4054,1676010.96869573
939,1684450.4463911057
909,1844368.7103535533
4111,1580836.233654052
6187,548802.3869692087
6197,1021277.9626232684
2756,237740.47763574123
1302,1022904.4161275923
2232,1280326.234207064
2421,405386.92213335633
2791,353073.5794582069
5879,1077044.969915837
6774,1288067.491943419
4106,989913.1097791791
3699,801500.176273942
4170,332852.0102483332
2201,767811.4496764243
2368,732935.3236245811
481,1284300.8726122677
4574,1750784.6974241436
3691,701443.9250954688
3890,809551.8547951281
6582,1123998.3043126166
1537,806903.2834643126
5888,643711.5566752851
804,1266873.7536193132
5729,903814.8787464201
4286,1032979.0469301641
3160,552348.8739995062
380,1398414.9293797612
892,799845.2013846636
6606,1397865.288828224
5601,886203.5033322275
304,2035265.9715788364
3295,11684.958310484886
4417,1117557.8797095716
4679,-451556.0110169649
6705,1456126.1083952487
5884,2384719.4087762833
3740,1216033.8278453052
5911,1450717.367053181
5411,654398.9697208703
1666,1145328.3920246065
408,1759436.2876154184
6305,635098.9849606156
2103,2045797.0796429217
6213,821732.2806746364
6061,358694.74448642135
4160,1199870.133388728
4289,579329.5019252002
3241,659331.7947948873
515,1186987.4217635691
6700,1471424.6332693696
1643,463585.37339785695
1630,498730.48380580544
3397,1663822.9935832024
5780,1421516.0574997663
6478,1920500.8615168035
3686,521048.1697383225
1454,358528.7448423207
6452,1016855.7296324074
2029,1783148.6538398266
2643,1560074.1990018785
6533,1962968.678637594
813,1349051.0471767783
2414,690532.1273963153
6779,505519.9550818503
5092,640079.1673616171
4796,1553699.276385069
5484,591968.5950908959
4365,974118.0342448056
3,1647370.0571249425
196,1605001.5210648477
4519,1014704.5153663754
197,406922.61231705546
2342,902280.8436331153
811,465440.0315130651
2814,1203016.7624830008
5500,283044.7417177856
3091,1356323.401943922
3015,924805.0727255046
3888,616700.2901743054
1577,1787465.9327126443
3803,1805909.004219532
3341,631104.4435922205
1701,1477454.627144307
2477,2057397.9077558517
5353,619843.9534810781
4583,956259.1836482286
2364,1180924.4708095193
194,1567165.0754389167
1960,1458132.232823968
2562,229615.3639833331
5656,1352573.727103442
1637,455774.48237246275
2496,1027777.6834078431
4049,1428286.181657344
728,784677.4047388136
2161,506472.555744946
703,1535056.1619521976
3033,1858759.994026363
6658,-256669.4698547125
1556,436479.3459125161
557,686948.5640963018
2183,412279.70851159096
329,1330817.8619039655
5725,791393.8142817318
1162,923844.3584238887
767,902530.7869339585
5713,1485720.7710137367
3621,1589855.858248949
3111,825852.1286881864
1103,821357.9520744085
1761,714615.1787424386
3961,1371662.3208166063
3071,1892300.254020989
4628,761800.9419710636
3644,972753.3374167085
3587,1283957.5877591074
5033,839831.9702650905
3949,1047531.3707548082
4632,181177.3575669229
5743,1675958.08468467
5814,2315563.625844687
1478,489780.21846181154
4688,1275098.8473626673
6619,430437.8150546551
2597,1649398.3726180196
2881,1478809.3597907126
2239,1223892.7931851447
2645,616133.735973388
39,746101.509365946
903,1813382.827630043
30,28726.674018263817
6811,701699.3379768431
6727,2080936.3376280963
1659,674872.5524583459
4147,1321359.159047842
1348,379033.08551877737
1315,1611354.8255329728
5744,705195.9774543047
4264,797729.5068945885
5782,1303418.499606371
1682,168852.99158358574
199,1599322.9545589983
841,1491173.7379304469
1367,619980.8596616089
5598,977716.6804805398
2715,493255.33130019903
640,938708.372223258
4540,1071315.5767877102
2018,1508023.1154137552
2661,1373197.162970692
6675,1474958.4056172967
2149,1084772.407912165
2046,353034.79409715533
5124,108215.32639455795
5379,1027199.527949065
5799,745082.2082985044
3831,1297825.0939775407
4982,555334.8598414361
3275,1317626.4139211476
2109,1835979.6861658394
2669,1410877.5728848875
561,1087120.1176573038
4809,805311.8180352151
2398,395625.0195648968
5287,501281.4303520918
4971,995244.9015748799
3212,1929827.6725911498
519,1364123.7018356621
6715,778249.036685437
6815,1323791.3374724388
3264,1203899.0727236867
295,2183684.8319723606
5701,366537.8355985582
5316,1568012.8872060776
5543,843852.4143661857
6180,1903836.8430060446
5816,1428133.146036774
313,1313413.7029941976
4652,864670.4087311924
4677,464976.0795648694
2622,1907168.3253692985
5635,977123.5157342851
6741,1346507.0359113216
2038,1799145.5692436993
3435,1784123.0332689285
3484,966378.8199795187
463,1011597.5121488571
634,1612228.20107162
4367,1352448.3033757508
1842,1662766.2897752821
1780,913588.0918052495
3817,612781.8446677923
1208,1056873.0385916233
1622,816098.1193313599
3870,1321667.3007481694
6298,1558065.7472123206
2278,1429965.5190220475
4506,773163.7751881778
1554,1963547.4819905758
610,1373258.8716118932
2673,1854628.2540742457
6280,771878.8101678491
4205,303524.6679446101
2280,1512890.0477918684
6016,1099398.412972033
1370,2059693.1669478714
1147,467678.1920026243
2520,1527821.2444674373
2443,383154.1326584816
1256,526390.6602562666
1810,319164.31169587374
1078,411582.34115698934
756,1054182.6975912154
58,1496781.8499575555
5967,-221.88606229424477
2438,479339.47385552526
3210,1502270.05125466
366,2039538.7146037817
4393,1096966.0505137146
484,2053209.410433054
4729,1333145.891192168
1152,1213504.4339772463
6552,1084549.2004818916
5939,740228.7174448073
2145,1104203.5294311643
3788,688158.506154865
2565,591629.7412355542
6199,2142973.8019458354
6078,911782.716190666
4603,1787363.3388064504
5199,1629946.8670176864
2835,361908.3353897333
3758,1823114.417600304
130,1025465.258146435
4219,695810.7048549652
87,767375.9881030023
426,722206.5056357086
6079,391950.45092090964
2846,815314.2223017216
958,602278.1445117593
1372,1046493.7393250167
97,352752.06689456105
213,1615915.5384171903
5662,1411190.3452160656
2805,721380.033367455
4907,1319345.9595034719
4131,815193.0052598417
6519,548013.9684793055
715,907096.8232883811
5049,2020071.5500915349
5809,804341.0611301363
3929,232821.3587822914
3520,992689.0457713902
121,1047280.7907331288
3583,962564.1361517012
5792,998870.872040242
6411,905635.6357783079
6397,2388057.0620753467
4770,2237408.1091816723
5206,1361563.5843670964
5303,554123.4017894268
5777,-930581.4899307787
1054,1007538.8784857988
1928,804698.0625900626
5455,1154422.1176277995
2170,1532651.706809312
5710,383977.35684478283
1973,260088.1372077465
3594,696984.5086482465
6516,2086286.2619619668
4067,257831.62795084715
5779,185455.55216687918
4752,2157313.2485512793
6083,939555.3427073658
2759,354305.6896069646
4297,1761104.178883195
6074,532816.9638164341
1740,713418.3662678599
3476,807740.7090969384
4156,1237784.6968617737
1506,319286.55744987726
1443,1001365.0177251995
223,2748340.758779317
1156,759482.6429437399
5885,1412507.8298407495
5,1209445.3689988256
6580,2068946.5036551952
1273,1325733.3416999876
2349,1368943.2515185475
1196,1607050.7704358697
5570,2454150.871376306
3010,1429945.7944610417
996,1413378.8282482028
5822,1749757.5813630223
855,2071872.2208245099
2073,2124069.1657474637
1016,1100620.8201882541
4639,702309.9472054839
2446,1089538.279033661
646,1751023.7114569843
775,376443.1274932623
3867,1223109.552359134
1938,1155807.1568051875
2568,282312.4159511328
2308,1342246.6450839639
6784,590618.2818243504
47,662619.9893800914
923,573812.5927962661
4318,874961.6005441546
1459,1009799.5519724488
5579,1001842.5191276968
2241,2326689.8426328003
2942,765349.2060910165
6399,1411861.383644104
1940,526490.8649649024
6107,800162.1051078141
3394,1395402.2285832465
2253,634812.1726693213
5736,1004718.6634560525
3576,1365921.9907678366
5524,2165119.79199183
5413,96022.07210060954
4998,694941.1067646444
169,1157918.5219929516
4585,1125998.4108065963
6288,1520505.0899189413
2993,287341.4256465435
222,1613322.8293447495
6545,1286912.5176762938
4781,773448.2571561038
3442,631716.0046936274
1047,995562.8941450417
6663,1503582.8990810812
3952,1955884.0951127708
3716,670801.6091086566
5187,1058244.0564338565
3287,703431.8250797987
529,360529.59095418453
764,981280.0702590048
602,2427370.3381439447
5005,1000770.4755243063
1749,1590333.9286705852
4695,1744496.0010378659
190,1251248.1651682258
4395,965747.7642875314
4287,1517088.097251445
4623,83697.88518428802
2849,1422060.3231085837
3130,1018681.9477782845
4373,1592914.8573794663
1088,1209737.3808164299
1684,459923.6080695689
4592,426234.07801917195
32,193650.87379911542
1276,721696.3674121499
5130,985076.0527447164
4059,1132662.142971754
6275,1815017.138714224
2981,923770.7943660021
5441,822237.7147354186
1868,1175618.827849865
5551,325326.31226569414
5927,1481118.9654885232
91,19935.456725090742
3959,1273491.0300150216
5022,1440990.3070432246
3649,721514.2123283148
3506,1244113.9741408825
18,1227253.10354501
6588,1718970.8592057228
1389,356195.57802566886
42,1580534.5517552197
911,1358070.460626781
268,1223252.1820206046
6753,1357606.2480875552
3975,1239497.682498902
1233,1269086.6268902123
2652,1083615.939873606
3362,1417269.1669849157
2184,308729.8733884394
2158,1938357.0490462184
6447,1366674.3050059974
564,1384513.0110150576
2902,1225753.8293042183
4808,1183083.123092711
5582,1752209.5138727725
1076,1026726.5025315285
5077,1349354.4913306236
6441,1135167.2180601656
1522,955019.1505331695
4886,451867.95565614104
60,1415877.48576352
4526,906204.1343442202
5766,398041.5405268669
852,786050.6711000204
3764,801447.3247845173
2212,1335581.6748093665
6249,1281002.601940006
1095,1454003.9777476788
4555,1014012.9946880937
5591,1103921.2620852292
716,657195.0785492361
36,703756.2344634831
336,1838440.639161408
3181,897452.2739922404
5172,1819196.1690919697
3874,901811.5513512194
6359,474462.6557008028
6537,1075132.9045613706
2075,1512434.3859247267
6049,1217875.8030714393
949,1755244.6456555724
4593,774966.0307857692
1704,728421.0224481821
1142,432513.50351166725
4658,387180.3281915784
4723,776797.5065208673
2841,105013.7185511589
2851,1240834.3201162815
1332,417369.17010480165
2294,963917.9658595026
1589,1926078.3270716965
4445,650087.1842447519
1096,317257.56135466695
7,742923.5949257612
5351,1318614.4598653913
5870,1254923.4423870444
5896,199668.97324299812
2973,1680406.717722118
2432,1025876.459166199
2604,877437.8790608644
4987,1012633.1660465598
6445,2631091.018047452
6001,876506.1327292621
1324,1062599.7174422145
6678,523930.9590192139
260,1204143.359617412
4207,597049.2790486217
6301,1838289.354564011
1254,778008.8499400914
4432,655140.5604193211
2277,1681808.460644126
3797,334624.7620829642
5308,1350369.1415362656
486,1335373.7140060663
5286,1202921.6950992644
3008,1143424.2773630023
2284,290946.6634888649
514,1187720.0701210499
386,737857.105038166
5247,1148125.4609541297
5030,924757.9568216801
4028,1168663.528097868
1858,1138104.952447772
396,1547131.1223263144
773,527617.5838263929
3956,362102.5740776956
6093,1619082.5056624413
1015,1489077.0108257532
6711,1566214.7700462341
3667,1516183.3314807713
5382,450466.7073715925
2995,965754.4718723297
6701,1981454.9030511677
3089,1430560.6050476432
1785,741763.648614943
347,2115629.655072242
6085,556518.7639915347
1951,331549.81748971343
4531,674959.4530662894
4253,1300235.697215438
2128,1230085.9232463539
928,670642.8809828162
5664,1437599.9788922966
546,631943.0705431104
970,632247.3183386326
830,661374.9561947286
2319,913414.4941148162
1993,1639518.0375695527
5078,1029446.7868572474
4280,315751.7159765661
5321,1262466.849242568
6292,1888150.4021125138
3707,1909985.0521381497
163,1149595.622909516
2361,935775.0379154086
1529,1357820.685878098
6005,1264082.495200187
186,1475543.7810128927
155,477681.93708208203
5521,1619298.8355505466
1349,834326.0001306236
4530,279394.2170212567
2644,1527918.860713452
249,1703726.8528347015
6121,1709285.238008082
4238,1070979.507735461
1831,957880.2864857316
3974,414483.1886051893
4190,475337.5563956797
57,1976670.0706149638
10,1362248.914736241
2618,677444.9734929204
6299,1255227.8372743428
168,496660.6658100486
574,623840.1487275958
5203,1000943.781671226
2484,1282839.5294022858
2335,1096577.927016139
4116,555838.334548682
1625,689414.5988127291
1963,957205.928216964
4068,598029.3270021975
5849,960964.0717459023
2582,446956.1327665448
908,1766497.089664191
1944,862651.0619249642
3705,1516826.228556782
3101,1011701.8281135559
1860,1020166.1326303184
5264,456442.00353348255
4400,1569579.9887753427
3079,676194.8607124984
3107,1512217.4034869075
4762,876805.8625220954
872,1849109.6713244915
4565,410587.0900208652
2663,1245763.953929931
5577,1771666.3717326224
2976,1504463.9604927003
2110,1538093.5381813943
4336,984668.3503466547
1250,1566211.6206951141
890,1907908.5371848345
995,1177188.91129449
50,1935710.1535181403
5560,863063.6321731806
2426,1393945.7219972312
6467,90403.11238282919
2760,1001337.3133656979
5053,1362636.389950782
5397,465655.890014261
649,654190.9652248919
3280,731087.718642801
2102,1132307.286601156
322,1645543.61578089
4480,1301604.793585509
3896,707420.8635493517
521,1089421.6664539874
940,454749.0796174705
1794,925795.4447855949
3083,642451.5402189493
3674,956951.2388700247
3438,1728975.8102535605
642,1579480.0956499875
1588,2055049.5377941132
5516,655656.600014478
1696,1255364.565366596
3168,1992879.6062163115
3670,1367914.9180631936
6336,2381309.2173365057
5178,1790181.6608309746
1925,970565.6693506241
1514,1014596.6006152332
4548,472838.6348185539
868,1808983.7005569637
2717,845431.1364792585
3741,337492.4914917946
203,1170352.4001968205
3473,1075742.4502809644
6308,1343272.0394237936
3330,2069825.0178914964
3643,804043.6835051775
3021,1400901.325787574
2231,1633617.6401661634
4221,1437529.8976901472
81,541246.9238573909
6527,645434.641004175
2985,1533829.4286768138
1718,1831055.2330745459
4517,381569.2278894782
6043,664972.7629258633
5541,611308.035243243
2332,983096.8602488339
5718,1136878.9275233448
3387,325413.45932134986
4721,733155.9135509729
5886,1218215.8573349714
406,1909922.2104660273
5692,1239812.9415316284
3554,814727.3646189868
3835,1407168.6874835193
3709,1045179.3072667718
2131,1435830.0827162266
1057,1426451.8153688908
1327,1291716.7654670477
5032,789947.4621474743
6486,1378626.6024141908
6794,1319193.9622620046
6067,756261.4149279594
587,736272.4187828302
2078,828791.9609884918
843,1693331.9074208736
2285,962388.0554684997
4872,281388.42205640674
4208,306442.3017231524
5501,921869.1063731909
1172,1440913.5983741283
3128,919046.6901468039
5474,603468.7225011289
393,1524408.6075217724
2746,1085895.786455214
4485,1263410.8071400821
5184,968966.2080373168
5146,2237786.9215196967
2005,2501122.6826031506
3911,781987.8235137463
1933,1102999.0098387003
2323,1103839.4631943405
103,660624.8031044602
1335,749711.0270938873
2039,2421383.080023974
3219,1391915.4046304524
1766,1101318.7770338058
212,1730404.984499663
1752,1625585.4725739658
4927,1278238.1334465444
2233,1880939.1221297681
2081,2528902.2807936966
5433,1048670.345938772
4397,693807.2672401369
6373,1504173.2797155678
5234,1319052.1958011389
2636,1187557.720535934
2678,1012782.2826849818
1929,598780.3931431472
3538,1104177.1943925023
4376,879846.633325249
3558,810981.6015984416
5179,1523618.2066018581
1614,-22335.893361866474
6479,1540507.7413156629
4331,2009486.2790302038
1840,559896.25183025
332,1792413.723242104
4740,1336490.1584486067
3286,612796.6761956811
783,171717.36519178748
4940,621035.7639029622
231,1416191.36790061
148,1832022.1931281984
1018,1611896.7693924606
2119,731710.7993847132
5838,1101708.5347317457
3999,1414293.754295826
4734,806481.0942557454
2672,1314131.782147795
387,846299.8779272437
5475,599416.9687452614
6652,1086849.776668489
5803,375613.80074477196
5079,1480477.7773110867
86,157152.0737529695
3065,666456.1902633607
4609,-573222.3046761751
271,184975.14955103397
6755,478125.30252715945
5140,772521.2868340015
1802,1431603.1875931025
6718,1789727.5181768835
3358,1062044.5004069507
1615,457125.65415361524
140,1469298.1912645698
2455,680695.601310283
5912,607424.6930658817
699,951317.8366906047
757,349881.2172690034
4495,38393.8399091661
4758,1634608.603798449
2198,420563.7483808696
4143,339623.3767710328
5681,723968.8423230052
1999,1908692.4916490316
2130,624826.8787563741
2862,1573472.8814281523
297,1183577.6054599583
1171,904683.2612836659
3664,328292.4496359825
4890,1859753.6866483986
4641,1148285.751558125
5790,990059.8040966988
1422,2210967.278380573
6417,1479465.2777528167
5973,1233474.525451839
1400,1296002.4318960607
5194,1297766.1523959637
1079,1064154.678628087
6357,1154079.678516984
3611,1071157.931753695
5943,2129677.6340435743
4137,1436661.437470436
5158,1131851.816813767
4580,665078.777154386
4085,694287.4895458817
2474,232750.9932141006
1823,813596.5792385042
4782,1149034.7062580287
893,1998107.0100456476
4004,780514.7256914377
3731,663619.0866357088
1995,2064831.6672085822
5165,655971.9807067811
1109,910505.4995261431
4126,564209.6123132706
1846,605426.3185355663
2162,525636.6120862365
6656,1479521.0445602834
5555,1197678.509314686
3584,1442024.1343000531
5418,659472.3771819472
3291,100266.82545939088
6556,880220.6621725261
3151,514005.30350860953
6312,1214947.7340577543
1988,803573.6218877733
2843,238452.43557682633
1657,1180195.4086731374
3832,1161854.9453284144
5214,1207835.6053720117
4179,367814.1027674675
1107,1225309.353197664
1061,211659.83650928736
3123,846028.11982885
1451,859991.2022328973
2686,1535628.4057377577
1618,-19760.27241396904
228,1690536.5327084959
5613,1264692.8318475783
4608,174143.9680350721
1619,592835.156479001
1585,1452692.038529843
1841,1886616.8305858672
1737,962314.7406564653
1381,351774.194989264
4749,465737.0040458143
3433,752288.8432754874
2812,220386.89064392447
5262,933845.5138942599
3400,1032187.0280963778
4382,731820.794350177
316,679636.9478681087
2560,1271374.5783859193
4858,1034088.048527509
3344,2399684.1202962995
737,929727.3086588085
1007,1740140.4205175638
5074,1149816.7929894328
6425,1147934.5452249348
3514,1204291.069000274
791,974141.9306095243
4096,1656972.8179953992
4227,1615967.7207719088
5355,1040291.087492913
2875,575172.7093618214
798,1122469.999459058
1893,638312.2451024652
3165,464640.75685700774
6008,906976.2617795467
1336,1470467.5040718615
1874,1338997.5665361285
1784,2240484.0046185553
1123,1510003.0018536747
1527,1599996.3606567383
1341,899924.9901070893
6102,515991.77865198255
5328,1985159.0768882036
1510,1004204.0757625103
3581,1145420.702790171
2654,627746.2385465503
5360,771551.2347410917
300,1795205.7445979416
482,1265297.5458149016
4984,845345.5668056607
6716,1844510.7020074427
3113,638133.5419113338
76,1009033.0613094568
1677,556460.552803427
4070,974210.3782987595
6071,1452411.3658521473
2304,1482204.7181438506
4800,785036.5444282889
285,672632.8644693792
216,3891701.3494298756
3147,1716455.7856326103
941,1013213.9401150346
4386,1059798.4441791773
273,1097677.0887612998
3689,510940.0049184561
1491,970043.9615900517
3799,964182.0572196245
5014,934012.2380990684
4394,319861.16371029615
3417,1236230.7786247134
2586,989364.480897814
790,1557878.3773725927
1899,963584.4119610786
2236,1137212.1895963848
664,1219292.0754365027
1338,2171786.1530183554
2850,1490425.762524873
6490,507239.6803049147
4361,1215825.2691667974
6042,696816.6411402225
6813,1647349.4242513776
428,2144855.913090408
5159,1931137.3645036519
4986,966712.0601966083
709,1464137.3807131052
1469,1506450.4175665975
2991,776817.8164269924
3539,1679331.3523715436
4498,377456.3542764485
3773,2369945.70054996
5818,1398447.6965773404
6055,754685.1380550265
5060,1228744.8041330278
2352,876276.8371998072
4798,48178.827766895294
4870,680380.5070731342
5738,1533233.1729831994
177,1618162.8160703778
4110,468578.3987381458
1691,525511.2266610861
5010,494262.74800008535
2007,1628614.9468236566
382,1920514.4089455903
796,355710.31276771426
4125,1320769.2199567854
1521,461215.41202032566
1252,660902.4443526268
6480,943225.9224470556
5595,545722.6805307865
4895,1162900.9460058808
1487,1327628.8977528214
3814,555172.4778105617
4148,1185898.0463321805
3618,1148327.0998905897
4810,898914.2133514583
6261,1749321.7646291852
6251,994816.549228996
4819,503379.9705302119
1155,1065247.3891088665
6581,543204.5928927958
4322,153363.52850070596
780,1707555.9217683077
6195,2383971.8027584553
5517,1648618.6825611293
5754,814076.474894762
6528,1907208.9160264134
2099,1689572.3543907404
6559,1772700.4184460342
946,1656597.8670343757
6117,654932.8547354937
2556,677655.8329684138
1563,979897.258084625
3186,656539.3924331069
2358,644755.1009133756
3372,1968110.4077964425
6283,655957.4098517895
207,1172974.2437935174
4285,388844.1661518216
6756,550281.6423145831
4078,334179.27455580235
5941,1220767.0041309297
1399,322589.6733870506
40,520823.0398917198
1777,1626029.755955696
4619,400318.1745646894
2463,1185537.1817627847
2019,1973086.4257211387
2882,1330127.1040981114
1811,829436.1801795363
573,1532399.6712288857
4247,937765.1728524566
5996,1290736.5450127423
74,2359417.314958602
960,399945.6853311956
4201,660399.6635634005
1238,2126625.234683126
3106,1387629.4209363759
1083,1067002.6018174589
4536,1062897.5621439815
2830,931356.9212726355
6638,2022240.5630835295
5624,49262.66565513611
4985,477121.9897130132
3279,681339.4025274515
1671,666638.5624665022
3383,587280.9048795104
2490,-64671.25336381793
6484,1076926.5230314434
1062,598230.282848537
1329,470665.781391114
641,1475286.0078841746
1964,717553.1965411603
1406,766122.1471310556
1431,1292770.2249655128
4600,-123826.18504059315
4372,653006.7462836206
5775,185795.00512567163
453,712591.6822660565
5097,1962121.8883380592
1977,1431798.6362190545
4822,1266288.17491737
436,849814.2674383223
5522,819575.5683836043
4766,731414.1302219331
6143,655790.504692316
4064,1301944.969186604
5329,796157.7782568932
4928,1306298.5157185197
1405,648052.9977386594
4696,795762.3264945745
3303,1129872.5034073591
1697,2097255.168444723
4704,993540.854265064
1414,943656.283438921
1411,1530344.7875756025
1048,941330.1685068011
2270,1434681.1648380756
2141,451509.04437988997
2318,1188701.927326709
3512,979352.3761029243
3937,835840.7546201646
4136,1446391.6111040115
4666,726366.374391377
308,1996009.3061364293
4388,647015.3975757062
5143,1481863.0939578116
2097,1993596.6517728567
580,1902172.824226588
2907,1401241.7184776962
4906,362825.6262497306
1248,1211823.288030386
810,1424707.9926442504
506,1111024.0130709708
555,1043556.1920904517
2551,1164269.736118704
706,1236677.507238686
4878,1512337.9523860514
6018,1460349.874143988
2091,1283180.2279082835
901,788098.2437490225
351,1823535.8097726107
1983,1580323.0758658051
286,1267353.270449847
6461,1289128.8761771917
554,1142752.6318781376
368,1636423.8906199932
338,1793269.8854708076
512,1948886.858357668
4499,-131157.2849959135
6667,805135.1401905417
3158,494571.53749355674
3416,1005243.8684452772
3970,447288.2218493521
1504,335339.8524092734
887,2147738.237860799
5868,1332702.7246380448
4642,961416.9867505729
4534,1837435.7726633847
5977,403694.5495713949
232,2287351.691703826
3703,921213.8458121717
6758,1221400.5949567854
6096,588398.5923075676
2107,1804202.3419052362
4629,920790.0053304136
3289,607404.2616958022
3169,599558.6872211397
4404,893689.2257445753
1762,2071038.1475725472
6602,3032075.0229813457
2763,1090483.4095810652
3126,474532.60887020826
2098,679004.9042341113
787,534619.7078217566
2292,963155.3434672654
4991,582171.641379267
6216,1347221.705604285
1187,818041.7613079548
52,1368715.5524379313
738,1533428.1720682979
1961,1121852.9347863495
3334,1909395.6017460525
5015,1169853.9821292758
5333,439745.75772330165
2345,196276.15352401137
3737,951510.7506440282
6442,1930271.3376137912
6125,-244220.95906677842
2377,747394.1879585981
3217,1349969.2949724495
1100,612512.763383776
1102,1020667.8739800453
3681,1220673.8706512451
6702,1006508.2550531924
6339,1184445.0116294622
2687,795127.0376814306
2564,1144944.7866137922
290,2285945.714901924
239,1582214.9301463068
