Id,list_price
9907,115.822364014128
5243,23.1122811488208
8276,152.011092495557
6501,57.2790384701835
1619,7.24614884802416
2226,36.8757118945635
7130,206.108120271524
2272,107.470068426653
9594,54.3619814224626
38,20.0640168858442
3851,143.084249160782
1713,44.4788088623218
10304,77.8367896978931
2339,10.8566336794793
10128,25.7518617264222
10859,64.6074938566854
392,95.969139433746
3888,30.3998667780192
5940,33.0905801855654
4577,591.72066832941
2829,14.6268905806008
9614,421.13404054989
1900,406.880035595754
9527,72.5078392071031
2341,76.3791609292934
7739,25.1879751910017
3445,42.1223044123009
298,28.4973546893869
429,25.5572917089308
10482,53.607257890646
6309,31.3818582969821
9634,31.6272081529426
7093,37.3984753635653
1874,34.619444519366
798,143.263451811434
6394,113.611877708237
11894,31.258190065832
9504,94.4213604826847
4255,21.0444704014266
8991,46.9738539329029
8667,44.2414689225959
1067,121.71022563822
936,414.854920305578
5751,21.3182695999378
7347,76.0024596881485
5061,35.3074959403065
11880,24.3023821204497
11077,84.8762325973252
9796,48.8193361648845
129,14.0700369649799
6500,68.2621343278415
903,36.6543812306609
2018,43.5462890109886
11332,45.9935230109738
2915,43.4920619474458
11814,54.596643934132
7732,40.0044591546672
1074,68.1545470786228
11551,99.9024247923261
10732,23.1379416055684
824,58.2721581008904
5778,9.5825146940213
10059,33.2401928584223
9400,44.0866146860912
4364,35.0307693779981
8063,25.3184223281225
1466,4.82222977597916
3113,55.7752317408295
11058,65.1414610151528
8462,35.2083397238831
11124,411.491845854727
8460,36.6473599319672
5114,31.6770678181202
1088,33.3919644550452
8311,30.512197158574
4693,80.0290710810053
756,73.0824664264686
4864,268.715041453752
2913,31.0455370897744
8574,17.1249708094193
2851,7.15018695515083
1097,111.441614056955
3854,140.846635584811
3136,267.901192584521
724,31.3716119869231
9697,17.6257058009379
7172,26.5250346704532
7128,26.2442042396917
7952,114.740823074172
5718,72.6976945640967
12179,42.1369931473289
7537,182.2916143725
3255,407.693884464984
10567,67.5415349236439
9557,33.1479874761295
10793,53.4655254408481
2057,-12.5275323836322
11958,51.8854089533887
9908,53.8785408470562
6971,24.1772111335756
1821,31.555660981393
11339,53.7368083972583
8966,25.2950034918014
9943,58.2032769915713
10888,26.2838775130397
9265,70.5360366843742
6307,23.8449774166148
7913,4.89129965407754
7738,25.1880260051057
12085,161.25921923613
9432,215.907545322729
175,226.341384537556
7253,62.6237888902722
513,125.58820532412
10635,33.7827587712426
2120,17.1133215948115
5948,78.0068586677544
45,32.1913010962881
6702,27.1217378189172
9850,44.8843845460255
2492,76.7956878672059
5907,54.9281303171214
1458,13.6213373949994
1618,22.6651714749938
210,45.3773385891502
11477,34.9716563811627
2478,54.4311243716273
6426,31.4541968166516
2960,35.4994946686941
8113,39.7016261148177
9717,54.7146507033711
1704,29.01265020896
3507,15.3953818160072
11102,27.3295505473304
9801,8.60593177640158
3952,67.0575886688508
1864,41.1142375887929
8349,54.0490801491568
4353,88.0915096855706
9770,30.8865851651665
2409,149.298262931455
3924,23.2763888466805
2337,18.9599195927247
4905,58.7789576731733
5603,18.7035965002222
7039,29.7246422451515
7992,24.6320300339558
5973,53.6914381748226
3338,17.0305167670423
4700,54.3185657317529
6470,30.4489652578489
1358,48.0261001235606
6467,84.4502771479042
569,242.136244500972
12256,56.6755506953345
1261,19.8656020106619
8498,48.8828270208828
2778,86.6868362419391
6027,85.5030395534162
3204,23.531589157588
1141,35.507606441264
3905,56.0465146972397
1386,28.6940181639961
11170,142.449602942204
2938,59.3451807034166
9836,14.8230298954519
8395,118.678325979119
4688,48.3790543800826
2679,19.3399802158261
1510,237.922294007151
8889,163.165560661007
7382,107.134706247776
6564,205.836837315113
975,18.8403689970406
6600,27.1537272045657
6290,40.6668663002242
9185,57.2850854817912
3991,16.6809083346799
12252,77.7769206422163
8050,31.3826589938331
11572,33.6532559237184
2620,16.604981614191
5396,161.396088206507
3104,105.294502263428
2277,37.0866068195178
11985,45.8691666610569
9115,25.3046926500973
4547,3.76204214985982
3176,87.5489437727503
42,31.2722476221899
11787,11.8803711056478
4876,30.9435640730662
293,14.9017673514341
8693,55.6965275771323
7995,404.769871324316
6953,31.1036607015937
7996,244.755932730113
4092,27.6558492136932
8622,62.2890150662667
4521,30.3653652943494
6246,20.9676779542871
11186,77.853834847311
2398,61.0722166690003
5416,71.028720734032
6777,-10.3572687323509
10874,68.2192410705533
11316,109.033686942648
10665,23.0291639388772
6965,39.1590602019974
5865,35.2909451499164
5937,48.1882747424219
10426,33.0071366218521
5887,23.6769949116363
665,47.1042119136326
2332,38.4395419906065
7298,43.4534313103853
5282,23.571047948938
10694,4.74974619816261
1506,414.583637349168
4895,134.112071085991
6249,254.796314927912
9685,12.9166600352708
8769,159.631521497669
2870,7.04253515069577
12211,68.6266667492846
9929,136.824900650092
6862,17.6386748106964
8303,25.4593089615159
1124,15.1971282030048
10831,12.0240613017128
4059,42.4668445776416
8906,365.167013119792
1488,49.4422677623388
5299,32.0853541294526
2999,23.3446789455056
8437,53.8884052405862
8744,123.689224629249
11825,23.4619713695848
11462,25.3654686859031
4362,43.0349675674801
9138,15.3226437824812
5644,1.58532092760336
11096,27.1484698784811
11162,33.9265452113514
9596,45.3776998892229
5653,20.2268780223646
8278,96.6820844033146
3139,274.961624236059
2101,27.8292467632002
4721,112.798028839006
11455,32.6651560574218
4041,99.1741755440471
8687,22.6746843819887
11762,48.3302687149538
2429,41.6568035016133
3731,75.4846774484896
899,55.1350723997967
5800,8.50660173720167
6236,47.7976951952422
2020,27.8880757224913
2669,34.1563391992012
4309,19.100810380105
5300,38.3452113327669
11090,38.2299200126921
7142,104.450593633624
4652,10.2038304711691
4049,51.5652341857894
11863,246.654913424984
12165,46.8329289572224
6125,71.3000036904422
7558,28.7476882327014
1617,13.2851784983752
4026,25.4167853228462
4415,35.0436804127065
8664,39.9729090712279
3997,37.7395130563016
5428,18.115648592683
3702,16.6838112531178
6498,78.2781416241646
3801,81.349554163993
2462,746.085934992558
11839,183.678704426179
6880,28.8166434581405
5256,35.0640217122877
1316,37.2538999319458
9245,40.3420022964398
7428,41.9885449199862
4053,32.8450189895591
2889,79.2152222117748
11086,52.0175124880506
1551,14.3102499903666
10738,421.4053235063
1659,36.3331459817431
989,53.8821727945846
1944,236.710585372769
5023,29.6826332390697
4928,26.3398783353352
7525,36.1047940191469
9547,45.8682983548598
12163,38.8287307677404
3339,29.2365840768164
5113,47.228346283977
11925,21.1268682379483
933,252.626051276631
7261,90.2992272921604
8465,21.4854825356137
1092,40.0681906214313
6588,39.4618932418468
6853,41.7172619635761
1250,49.8092965009036
8168,55.4110077316885
7904,18.5798890295511
5812,48.9216202929029
10762,30.5955243502702
439,17.1969825506473
344,26.7062038289896
6643,364.081881294151
8896,10.7107792123186
11365,30.2044249590076
9806,64.9498670831627
10560,163.708126573827
1039,22.1692552919722
1079,46.531874941741
7288,83.0250958142484
3169,149.569545887865
288,21.7085868058035
3557,24.1568273868242
5332,50.5416962103974
8596,23.0957085338563
10903,44.6247440872592
8536,35.0152826408404
6087,35.7597190131352
90,21.2167918731639
12112,33.5771113793791
10957,21.1451431079137
703,62.0134679944879
11671,55.6767778876178
4329,31.8367678943551
10828,29.7375214649939
10031,99.3598588795058
7666,46.3043897963173
4893,99.8126190543025
2379,217.217700421587
2578,68.9811607737709
3926,24.8877894576408
7259,47.8341799017848
123,27.1082765084731
6946,40.1677322532093
11250,29.0908552521757
3840,38.0677488011763
7496,58.7891746640884
3283,55.9821291887079
8756,24.8430044495139
818,85.0060969211731
5630,42.6395824411547
5446,113.380817406437
9493,32.2206965973283
666,45.7143124245522
9905,44.9668265435671
5253,61.8946642925837
6491,44.2225092187709
379,38.5463406268384
4791,28.3358323273974
779,48.6691578284549
11568,32.8707737733041
8234,46.5756727527274
11503,31.5912278043195
11633,43.8224698405813
12101,60.1157590433922
11047,36.1674712403658
2494,69.8297950795449
12053,32.166188852843
7661,52.3336522206665
3975,25.5641768188435
11610,97.092319085434
6963,42.7257633923881
1066,99.529126161378
6479,31.0358268706596
11453,38.003774714018
4330,159.233411038956
2074,18.8501611106119
9374,190.298176776269
4723,180.935199590449
4421,362.99674946851
8496,52.968946195671
2548,23.3446789455056
12233,47.9815994754
6304,6.70695108153039
9889,20.5571952003745
7660,69.8826047407301
4585,239.387737287416
8872,43.815331729681
254,47.2851638469822
10117,33.0818945551126
56,105.673478210163
9064,420.59147463707
2887,100.071692074198
6192,29.862864892142
9463,63.0292743903787
9216,20.5646849526681
7313,11.8995099834277
3476,71.612562738456
1147,81.0339478219765
6046,41.1096402764796
11570,25.6371652349955
3236,25.6116820312709
10130,6.20358875755135
1475,31.2264615402083
9983,289.043759032286
6375,55.1324146009834
7634,24.3004385366935
11678,178.960536973898
7955,107.405989204187
4150,54.0472827753427
10380,50.9344496709468
9207,219.905031751325
8201,34.1757120112061
2030,9.45796337573617
4454,56.3177976536499
7232,239.42341493687
10807,21.0220787243072
8175,29.9635300658584
8133,23.7377709474421
5905,53.3800566649804
9867,160.4453703669
9990,125.904975333412
10893,33.0026413964649
7308,31.7217800764002
9713,25.2298309281417
1846,93.4266889263925
402,23.2683476964781
1397,90.080833180122
7824,19.2007804183237
1326,263.71087448716
3778,33.2566247531772
5125,591.99195128582
4884,32.8508864913997
3004,52.4749899052061
10291,37.234285363569
5615,98.408517614203
8374,12.8022722632215
2183,13.8277444111955
1214,94.3698021595531
10093,44.120577348334
5880,66.9561682925325
8859,23.6260975316907
137,78.44400629584
4184,39.5817344745835
3735,42.4767678293403
7127,30.4964821083002
7745,26.7963176268634
10294,62.8315809790871
2333,41.0864231562832
12243,241.864961544562
1556,39.0999254673593
7367,593.07708311146
135,9.29490139869931
6423,22.9239220782116
6169,91.3994932454477
4674,15.4730521103383
11733,31.1380902630906
10125,58.933033789539
12120,63.9197858304115
5857,30.4927517959991
2827,12.3385312619694
8171,38.69813559262
8984,79.7101015236335
9554,26.0194049733099
535,15.9157151752634
4568,30.7631871485971
4987,30.9424326908396
4649,25.25568889049
11510,33.9724359761297
6894,10.1250806068416
329,22.0675319059162
2530,11.215534736666
5101,15.7119310343639
2093,362.18290059928
8191,306.689592009453
8634,67.0455489338464
5367,31.1352215613333
10764,27.4360711416533
8670,24.9910600028061
1139,21.7780142167651
8123,36.376076975557
6337,9.68769545571569
8046,22.8244255774461
10844,17.8969887573481
4679,22.5170013640401
11861,46.264805967384
8031,34.3475330798519
7494,23.8734161460909
5353,53.1087737085702
7647,103.224504388498
8556,33.605308691581
11361,34.4102665174843
1303,27.5280846380622
7069,44.1044655678014
12111,33.9245388801285
2189,16.5150579789755
2091,112.02799351007
10820,30.7156241530117
2824,27.4892413650974
477,58.1835257940434
6558,33.6647353606302
4704,47.8882897237919
2626,16.1383424218596
11849,37.8610456820342
12117,500.285576828336
472,28.8269400880412
3437,14.8341375904391
3604,68.9683959478533
981,12.5083885042596
6616,225.180295272261
5046,93.9913053163099
1395,53.4518916418089
413,41.9697000349009
5702,399.443458817684
2634,42.5322645246329
2104,32.0311701203286
2346,41.93420191652
9878,73.4702673417236
1822,31.3452527332575
7540,43.8571014230808
11279,-8.18700508106951
7014,31.8837780763714
6738,45.7165526622699
1007,4.53668743024903
8968,29.6592867801567
8452,32.334138606899
9411,25.2407505651818
7566,22.1321184691683
5722,52.8140313599879
8112,33.4417689115035
8342,80.2425491167286
387,48.1038722064187
2368,42.1881866413792
5650,23.8491413220285
658,59.288408817212
4548,32.8541592786693
606,55.3948684021265
6555,51.5362041937828
7050,67.3481134139377
3018,52.9596704024477
8895,66.9989690108236
8605,24.3487378120746
493,20.4125561029819
6280,85.7265612924214
10252,35.1613819490824
9050,49.1273269788482
6399,43.226566777112
3067,55.6513407317225
4614,40.6321301379354
11255,33.8957434243431
4703,61.4609231645843
5077,10.814378157787
495,26.8953639581907
1478,8.64437783677649
3458,25.1455023664361
9149,24.6385249846897
2976,28.8483963901727
614,106.266363071204
7960,51.0102126440725
10060,26.6000744224276
6328,25.0426950410709
4804,21.3157533578368
102,51.5838242346649
9623,115.825954899813
5721,49.9250808184318
4512,35.0362129838964
5460,21.5812684822714
6378,49.172579389287
8751,41.4236545111184
8474,8.34890820931136
12054,12.1967342537698
3415,7.81112675949531
4468,44.597182171723
542,35.9548651122751
11945,83.5557495143375
8770,103.767070301318
2945,30.9024120350102
11928,26.0742458193374
7784,38.4576499689347
11592,65.412743971563
630,65.9553098843833
9244,43.4390860584664
1851,101.737764069522
1606,13.8130417113703
4668,8.87384658648518
3358,24.6165065012307
2843,23.8549784084488
12173,47.1122279549308
6734,36.121344809537
2939,40.8267826975169
11306,277.307490349918
3762,29.5078670332266
4002,10.0007926188273
124,41.8087574024541
4973,123.543478326852
11614,85.1475155537353
2672,30.5919359924795
6940,50.9509305298919
7962,31.5778836216397
11786,18.7757135667926
8331,215.364979409908
11828,29.2147467125886
1110,28.5937711011279
15,40.6619826130572
2148,22.0492971731753
1877,22.2038626704898
8463,12.442075896248
11183,20.8284781567847
7623,86.6606633493004
1522,50.1823407284171
847,16.0624157013706
4498,81.6686810321975
393,76.3710398901345
8325,31.0635810705005
4442,238.067000154819
11612,88.999561443394
682,32.9206800299659
7708,157.220423396013
6107,29.8117597435636
10160,594.162214937101
4689,28.9241226277704
34,27.2232147323305
10967,27.6835058201564
11028,56.1329847825141
5517,747.530318507758
931,22.0906799953161
1266,203.666573663832
8335,145.254512812064
3276,36.2873863176533
8354,364.895730163381
6676,57.4029294792905
2158,14.1408582889074
1637,64.5627626421304
11968,34.091122794594
841,26.1326083468245
683,28.3220433003506
1686,21.4643815694739
164,29.9247452937436
11561,59.8444760869821
4240,33.1681671360259
10447,108.54989774035
4268,39.253390859837
1140,35.3626379199744
6289,44.3010513264703
10355,18.9950895927472
2249,41.257356402084
12147,137.638749519323
7731,36.6022222742311
7585,83.7467773860782
10591,51.824061513303
1758,303.434196532531
4467,55.0795893802699
7228,19.2835852460928
8967,28.5101419866165
510,34.0199393911714
5529,123.463428725721
3961,40.1100450842303
2464,212.652149845807
5883,41.8113883200053
4637,31.1548710405623
10419,66.6258535453463
4974,126.809297873142
7199,66.1851201415931
10226,30.6153022087564
9657,30.1241684140846
10423,41.9662204239387
6449,31.6124951199613
3894,157.189974889978
2349,156.647408977157
5018,46.7490480761441
8999,45.3257324420394
6196,26.6493086444841
6083,65.6425542287727
7327,31.9967627294719
3921,91.4372479621729
4351,81.6208371204031
5754,23.6769949116363
4990,496.688555069627
81,26.9581239396134
1912,7.18410077898641
929,18.5788781542018
5232,21.4680107953953
9698,11.5866761505869
11705,78.5792319199101
3293,122.729629457622
10908,34.7003734247525
2028,22.2214435835675
5926,9.2126217332579
1558,13.5906038673927
4584,222.543423147813
2070,29.6780553229564
10014,47.1677506061695
10873,75.557191020904
9820,27.4122228637462
10568,11.253345125139
10638,21.1451431079137
1008,31.7672635709316
2662,38.7608028970559
11636,24.9825123137415
8386,75.8779399473452
9027,58.6617508331289
11540,59.720585077875
2311,82.551296453033
631,44.4742750874168
3929,24.7576957418887
4641,27.7315116324998
821,73.1296298654204
190,56.0694268369099
9091,26.7424744525216
6153,26.850454862507
11298,23.1906884131746
8118,31.5778836216397
6062,36.7897081706474
5138,99.7167414568674
9155,24.6200207684848
10791,58.2227000971473
2475,77.5297195526269
3177,80.9238320757851
2496,50.7513853165589
6099,78.4233856056669
2220,46.8031578981512
5225,13.42366308761
10685,36.2934715495238
2017,37.0115857911974
3638,39.3104515181733
5745,32.2488939095302
2173,14.3556076241906
4207,66.142319423302
8066,24.1446991025011
11760,23.5717298516976
2216,53.2334339061122
6468,31.6777874741536
11983,21.9210997347189
7487,24.1974129744615
10767,45.7222400545636
12122,36.4996289050507
6707,26.5250346704532
12245,105.394768039779
2546,24.3452235448205
3459,253.439900145861
4706,40.8290324028194
3874,126.266731960321
521,45.9695163716662
8729,85.5354089735449
8577,29.630492327371
10814,20.894737936573
11704,109.36374660958
4993,101.868089606447
7117,34.8843224916382
6840,19.2835852460928
8805,35.0823394147252
11562,56.4042677389243
11367,30.9869071094219
12043,25.2860087525206
11366,31.0847173782237
3811,34.7594864215879
5103,-11.1711176015814
11427,64.7163186415063
5043,93.8039863549661
3969,28.7019245917218
8065,24.1446991025011
5025,31.0699292071409
11026,53.9855507701266
9490,45.4435821183012
10190,27.0137574089318
2725,23.6381097519109
8720,51.5453696388144
9848,53.3015897120319
8324,40.2380124524577
10982,24.2998658783487
2783,42.6733535880093
4857,19.3720933365152
2392,34.1467929046492
884,31.9529442469611
7990,21.9693143920009
810,47.0712798567622
5608,28.0315890416957
12069,43.0513522495794
1924,121.915780588391
10177,74.5966752589679
2381,267.629909628111
11289,50.2124588044889
7369,400.257307686915
6885,24.8183684718168
4654,9.03994878120096
7678,277.13188788734
8100,31.646226614414
9403,40.8183080238977
10993,42.508786336759
3390,44.2610243688012
1664,28.6416632613904
6528,18.6582145055033
3065,75.2133944920794
2978,50.4917484214
1961,28.4227352075859
3260,133.218790849706
10478,35.41449707941
12223,196.760011940368
10176,43.1691698135119
2356,105.023219307018
10501,102.254165661994
6215,57.305336051078
9797,34.5269007371442
5852,38.616494289177
10457,55.5904188696938
3983,8.08240971590548
2724,22.3108909712896
1248,30.0515713888391
7111,43.339128805106
105,42.7480676043299
5139,363.539315381331
1650,63.5188705005142
549,87.2871309318461
5475,82.1634030332235
1594,26.2016241628406
7668,41.8452145002199
1130,25.156258829884
12186,30.8314766561887
9874,108.82118069676
5454,62.4286314510511
10756,52.3666274261234
10737,401.885005425376
4948,408.507733334215
5158,40.9989061622305
10242,27.7364642006983
4116,29.483678298962
10279,25.2825448001021
655,78.3995028175032
2917,36.062319146135
5123,25.9593512356666
9903,35.8961882839557
7006,39.2568704707992
7655,76.6802512250389
6764,57.5766190074882
1661,21.6720672540668
9810,33.5114758148325
8373,19.8261511589132
4617,39.8530174309937
5411,96.9183122718142
4249,30.4457575427975
8706,84.460385404421
1331,49.1164471593336
7910,5.38973988832084
6279,25.3860596704708
470,34.5966076404731
5075,23.5778583656184
6830,43.8232593596924
6333,23.2821102026388
10880,52.8499112247631
3241,23.9652563648452
9477,159.902804454079
11463,16.654416637827
4594,72.1551286512763
275,31.2722476221899
10655,96.5168159190678
9991,96.0329275766686
9215,33.886524555522
4404,160.995297009725
3124,29.2365840768164
3709,11.5676344185299
6310,31.9687199097928
7930,32.3908848870581
5679,-10.8998346451712
9822,39.7832674182607
2223,47.2735986944158
5259,60.6613173278057
5412,106.379634089068
10039,45.9861480311216
8111,44.128384379491
8733,32.6160211940788
4456,43.0020355106097
10244,33.5964176482538
8503,30.6693676929541
1811,28.7701627083353
2550,17.3471817181713
10561,136.474186326628
5506,25.7111858012227
9754,464.601055018078
8852,26.0633380528405
5528,50.7441448977946
930,18.7974143030057
782,34.7403940805819
4719,31.8593859590049
8508,22.0528097799278
3468,238.845171374596
12067,46.9353387828726
6846,13.2478452138117
8883,215.636262366319
260,35.1223949232611
8480,25.2092958136019
9792,56.5103764463628
11098,26.8157237435667
4107,23.8412487304236
11677,196.488728983958
9750,44.1374349675839
6882,33.8049671670315
8655,463.787206148847
7721,75.5176289177223
8881,24.0751776453556
7351,52.4263802828506
9946,45.4547648913556
7612,13.466615113401
2180,15.1332025729025
5547,127.080580829552
1555,18.7139189150788
9780,25.702640918672
7722,60.1353724552242
10839,32.739073775884
5629,53.9769109416102
12027,40.6993184575447
1349,122.187063544801
1660,37.4549026891076
9537,53.650485152804
4930,70.5864266661445
2977,107.741351383064
2519,73.1651103832435
4955,141.389201497631
9882,53.7142678137164
3682,30.2560803379104
3009,36.2565889849285
10736,594.704780849921
11888,28.821596026339
2034,7.26856084667497
11245,13.7984906782989
6537,269.528890322982
1013,29.7984562585115
5642,29.5157734609523
11417,83.2844665579273
5726,29.8117597435636
5468,100.083902010713
6053,25.9824687576329
3279,147.456007658284
11341,46.7425979341619
3667,45.5639406879625
9712,25.2298309281417
3295,84.0988635539603
1992,16.3336986577808
11406,60.6881553589596
12072,26.4707021879749
5927,12.6527662441705
8466,17.1480158283316
7999,56.8662853150964
3348,60.724808195401
2592,44.2863717551333
5727,28.1539777425787
9001,46.8016844879106
6900,17.3034662241838
5964,76.8722707510841
2567,22.2835536992178
11817,50.5105247593439
11472,53.5258087309093
11601,419.270284827161
7746,30.4791334222744
1891,23.8122051063515
1405,23.4012809598378
4482,23.1247398405201
10372,34.1578075119322
6589,44.3993983908291
761,38.5642877378505
9516,29.0527078994368
5105,86.0923099415495
7453,19.2670401981119
6510,96.5400658108344
10805,23.7598162076294
4288,95.4549339851937
4918,24.1643573579693
7394,24.4811546225709
3359,30.2560803379104
1053,6.60762104233049
11485,51.7482985401773
9915,64.8701780587427
6296,28.2251877192134
6270,52.6503660114301
3915,74.2147616910611
8734,17.1363445238159
7089,54.2340040876429
9009,31.7405338914286
9161,10.1342994756627
2526,16.7592338106322
1624,24.3126630336415
8248,270.342739192213
4128,23.4194416332513
7195,142.474333323272
4628,21.4613256118578
10255,18.136904994942
8091,42.4567301412804
256,43.650978820736
6530,20.1859422057457
4101,24.4281103432343
88,2.99292036298771
1696,34.6856457994636
3342,11.3039049162905
8826,206.921969140754
2909,29.7505954920313
9812,27.7418082624006
2325,91.02703847916
1589,23.6672198545458
5265,80.3003540374155
334,13.2291512461505
1622,21.2133004539496
1991,24.9514741676359
10170,129.645510846023
2162,10.018674136051
4954,50.4728619413844
10288,64.0649279438651
7554,36.1047940191469
5863,25.4164593539595
9129,13.2740696129731
8250,43.6497532971358
8291,62.4408778306169
8014,23.0890233503188
5559,37.1090438515528
4140,28.6528396713602
225,37.5987159301371
5304,40.1243003874038
2280,30.7289393474018
11878,25.6367516423133
2033,14.1639033078198
8760,163.023785944968
5646,23.7027284626913
2001,76.4547060467114
10096,37.4777595915879
6392,32.6732348282354
4205,26.2413906555247
3883,51.7288995343472
11205,30.8668073066804
6594,41.3809232328898
8890,143.288182192502
3457,22.9045288645466
6412,35.5622281063265
10316,40.4023903278957
6025,88.9053585548011
7071,239.42341493687
7671,30.9717930784329
7710,96.4108014469044
360,83.8270324707477
4211,37.9004556887483
8328,748.79876455666
848,96.5095369193318
8780,72.656418472493
8864,41.6174290494612
6994,52.3907291162712
7221,50.4676467312522
11676,366.523427901842
6903,30.8400930810128
8375,86.5404101616519
1474,2.13434441139881
3844,746.628500905379
9945,38.0148818985099
8371,37.2824384944811
11345,34.9617234736319
11848,55.3367169002104
8520,241.448972440483
7924,52.6976632392608
1792,74.7020070998028
490,49.6965069558741
691,39.0437688819226
12185,25.7028753838166
11399,25.8029628629273
9046,53.2402291520811
11175,77.234354729396
9835,32.3479459527201
6688,60.7137047085819
332,30.257939527819
1826,49.5380135444935
9353,62.5633710483606
10173,101.887005108149
715,28.0360540439552
8631,67.1341092449126
2812,30.3410221713318
4609,403.142173585855
6355,58.2466087512681
4878,32.1080508507653
2649,84.8354434107251
1449,21.53246481141
9105,33.4886549908116
203,34.0261722946028
574,114.492999346804
2556,23.6381097519109
8724,35.3384307873072
6595,28.1304961664304
1639,46.7513566416215
5164,18.1916773142354
11480,41.4271341220805
10973,33.848051125435
6388,31.3782932304923
5595,90.0913688334203
8939,58.4880613049312
7272,24.4811546225709
9438,136.202903370218
127,7.0615633053589
3663,84.757293438433
7044,9.48149072508343
11353,24.0310991640395
8412,26.0575085096073
11611,106.620857284905
9628,73.6277564692873
9854,25.6568533187444
11980,41.6984170784907
1986,24.3547710191719
3108,69.9435889083914
10346,27.3154400488307
8666,20.2934019962579
7859,95.1604011370169
7594,69.7221878151437
7386,35.6907820307528
8846,45.2052312187614
1070,88.5416519122814
6942,48.9734215494326
10686,13.5272077218887
8530,53.7090191617494
10538,73.027973273836
1626,20.9198696475442
1976,28.3262184570188
7759,748.615450333398
3224,28.5008559373878
302,32.1010516240703
1849,84.116468228011
7782,37.9762408766183
11328,26.3801353174421
156,65.1943252482782
12229,74.4416053385178
3052,71.2320057348731
12164,46.2686137605861
9101,45.6574661085212
4860,30.0504329460469
6829,85.9978442488315
100,138.814600507678
6545,32.2218350401204
10747,130.188076758844
496,27.6428718672436
8104,33.4870836974659
3818,43.0429836087783
11794,92.7283513135401
9647,57.9514171407371
4504,46.3591359325962
2583,80.854832162967
6828,25.657342626881
6314,28.7409810393339
2146,20.3761937862171
9444,67.2702519672338
10105,25.6017091575625
10896,22.7937786666008
10922,39.2974560584364
1459,6.72599493385463
6654,44.3114410312939
11884,9.41978064563208
7143,82.8228127706563
6114,497.231120982447
8828,152.282375451967
811,44.2867611079114
654,88.7584350303382
8979,95.7029670498372
7796,44.8540069441142
1926,76.2531219543855
1481,13.7490057647984
10131,35.2957058863608
8158,38.8003377626736
465,86.1883239937698
4457,40.2175167617589
4744,36.3133435379246
58,87.8331466051483
2125,14.133169780213
739,82.4128127680099
3539,32.5811124401621
8757,21.9440321132365
2565,20.3710853125625
6061,35.7883734050006
10464,32.0569249040736
3675,158.284580709314
10884,64.4450356850962
7038,30.720248214259
289,31.5294730222422
6666,102.681938475678
3446,46.4412804131913
6714,132.424850331244
1999,92.634890534259
1727,29.1709485122697
11913,19.035216403627
5426,36.5846264943347
6010,29.9539161954798
9984,267.780118833313
909,14.0842332959028
668,47.383510911341
1196,21.5876089725918
554,51.4175155204163
2324,120.705112108737
10066,28.7814249430267
7777,53.7777971927466
4097,23.9575632154303
7639,78.8207075369849
7214,78.9659515184872
3032,27.8256615502803
8124,26.5015911796002
1995,68.7098778173607
1146,113.062116409444
11900,27.7555246051726
8500,48.8560440224381
10114,17.690581741152
9939,61.491787237275
11881,24.98800404519
4187,27.9024726446547
4622,31.3244335335187
4025,23.1758118209567
5386,50.8600431043404
3318,27.6582231225414
6386,31.0832098690819
4514,43.1554687907581
11243,33.6905533889499
9052,33.0967878905317
4749,22.1100732089811
4446,110.423755000652
11571,33.6532559237184
5363,28.6071152838076
693,216.708039728743
170,420.009296477371
11896,31.3560003346338
3026,82.8225794094432
11290,34.1819197161724
9061,256.152729709963
3734,31.6143378097124
1762,64.635283849836
8040,29.930787972789
4783,54.3855644043011
3475,105.235725552905
6706,27.4250101609758
9031,40.1810596639931
6033,49.5759658803591
4536,6.66415859978805
5223,27.0246919008922
1168,30.8667276135978
3207,26.490949353626
5147,49.6537978620217
6119,111.237603869882
11097,30.3007598177117
10214,17.6598482135452
514,95.9101316945431
3494,22.907643716065
2109,83.8275805975502
1238,216.946417465177
10189,26.8935052288329
12032,21.687709020734
1786,109.067340218601
8447,36.9351936787675
1694,25.7635757121896
8832,87.6431466613432
11123,216.721394191959
1562,70.6228001780943
1526,28.3224881447177
4998,96.6470293154041
1086,21.9433502104769
11134,81.5989638987794
6497,161.938654119328
2871,22.5009176562064
6575,89.1766415112113
4466,59.6285728829412
1595,9.4761082232307
867,43.4471754995707
2029,32.2242272033712
10754,54.79415098739
9123,20.0808890673424
11079,84.7217934655275
6043,24.3741771358752
3641,27.6311896882445
5803,23.0595672768604
3597,100.342975030608
3974,22.8888795934608
11154,73.8990394256974
9696,26.2384996381248
2849,16.7863409353856
6870,34.2088101786231
585,74.5553991673642
1689,20.1316325807274
1047,21.0933423351526
6453,69.1796219023234
1035,19.8403130569342
9242,87.4701230025347
10826,18.6794709077623
2816,17.0967765468306
9169,36.9630024071588
4600,33.1163019459692
1709,52.1698491438001
11808,-7.91572212465934
3780,159.397076387514
4672,22.8409981924106
253,44.4300915276777
8777,78.228685533135
3361,24.4864127854785
1162,33.9223016199395
7794,24.8066244109362
8458,27.7344404701248
9382,96.0071872597933
41,27.6428718672436
11886,31.5172111703787
11499,38.5341118789124
11690,48.1265919156345
573,105.666050996189
5231,24.0903838368386
2806,24.6326219241651
2958,26.5774245814201
1535,41.1104297955907
4852,40.4887997181691
7574,40.9783080632873
1296,22.475196441004
745,36.4398446279841
10139,88.0908388876471
1242,40.6656407766239
2295,23.9438468726582
3636,31.1736949914203
4737,21.7593303191884
482,39.0766777917327
8346,23.9541984851849
1244,59.0366926150284
3665,40.7262564943647
1166,20.4029155371376
7371,275.408509655047
4685,23.2369741740855
999,26.054924067932
7246,44.3584502926605
751,226.647845334752
2622,5.85030973055754
6300,21.589552556348
1311,43.0618726499035
10939,49.0906191212947
7846,29.2391095682194
5128,418.692493942198
3670,36.1764867892049
7331,90.5580876622588
9651,42.5658469950954
9719,25.9498037381872
5567,158.003823759208
9613,401.613722468966
16,27.3456331928331
5632,45.6427865371841
2513,109.609906131421
2524,42.1881866413792
610,272.513002843494
10409,11.1116024281291
1929,59.2313130006364
3006,52.969461123997
5342,114.777782881053
6213,17.7660401603206
1560,401.514475847394
7667,44.6297332490707
8334,266.694987007672
4797,29.6351163886184
2756,56.3450556985859
4606,24.5722108012403
10005,195.946163071138
8871,32.4681811873161
8241,20.9997910749762
10949,85.3744751245393
8817,64.0563291895122
4447,114.296346964691
4735,28.1737556010649
1277,87.0063778599299
10557,288.772476075876
10439,240.779829718921
12021,9.41978064563208
712,29.2485891385628
7528,31.9208591433127
1122,26.3681293175215
11773,4.56943344811522
10293,68.6320069882829
3737,237.795717198409
1501,21.8193970389059
7274,27.696293117386
4666,14.9128762368362
10556,410.949279941906
3805,73.6186482228511
3234,33.0752541004
7682,103.824816463512
8869,50.9323806624099
458,35.6120325627848
1307,69.2300118840936
6477,22.1296022270673
10546,33.0107471001364
4560,51.6491518583609
8189,31.2628141270794
10118,4.20718028534227
3054,71.6357283260405
3835,43.875721519134
3398,37.5541517040177
7521,42.8242455563183
10002,39.2080053132465
4926,29.1227186402235
279,26.9323903885583
1614,20.8405635949473
7163,24.1556187395412
1740,31.811752353975
5449,31.2148470294764
2739,35.2466832501691
9653,30.8865851651665
11507,34.1193340818451
11215,101.121347178305
1860,72.9738436892999
10085,54.4309711534065
11509,32.8905118655404
8841,60.6779383680445
12047,87.1631067120059
7330,18.3086060731409
11939,69.7171388139236
8947,76.7687030216703
5623,78.0824037851725
3438,-11.9849664708119
2142,15.468411159415
5371,29.9063993450285
6383,24.1136138617583
8402,46.4961628665942
2770,18.1114014154378
2211,89.0719457073626
4076,21.8387902525709
10798,34.6904405172217
8748,66.0832876325259
12200,412.034411767547
6284,73.0643467857858
4838,106.108351132658
11060,53.7064678450641
3713,304.519328358172
4526,23.3065754092082
10528,26.2731070166424
12097,72.0528683920115
8169,51.2740866824043
597,33.8483943357893
2352,138.380358596051
6756,9.43882449795633
1512,237.760039548955
7409,21.5531985611423
6797,26.7732001048971
10527,26.2731578307464
11232,56.6897405057119
7966,29.2391095682194
8580,34.6188160362621
11844,366.794710858253
6214,90.0155217494384
7306,36.3926277659472
1442,36.4690198783771
6629,124.005994638541
7215,72.0000587308263
1884,20.0994190983585
5704,418.963776898609
5741,40.395583343814
3486,27.068845916938
6957,32.9445177846455
9283,32.887304150489
2932,461.074376584745
4750,13.399021160905
6492,31.3794388833911
9313,58.6354532522343
8223,107.736048871119
6893,16.525871275472
8514,420.32019168066
3115,44.1341261450359
2247,30.6311290786
12260,33.5771113793791
3147,30.5941373016594
2720,28.1005297196104
6263,100.259307369688
11002,164.108917770609
4664,23.5256700740231
4048,49.1112319492013
11087,38.2861648549201
6364,101.699389812659
2782,49.6675640511057
5903,18.7035965002222
11622,46.5616460008122
3377,92.9901374857356
5739,51.0239788331566
6951,31.3544928254921
3821,23.2889944961305
5801,24.2332905024818
5021,37.135304179725
12080,59.9918680342852
11754,70.8555500585932
11231,48.0589857585436
12215,38.7438315336471
3106,73.4363933396537
9442,95.4903616638483
2572,27.6582231225414
4241,21.4880473627783
8217,103.495787344908
2291,36.0875081985719
4496,101.875516820421
9399,41.9139463397875
8487,17.3396287728249
9734,57.0313952958546
8319,46.0459851704154
4567,30.9265242392503
8940,55.0478529568734
6075,144.169380986423
5110,42.9361532815314
6763,90.2868047058486
6539,42.8359044279052
7204,33.7270150638824
8021,26.9226153314678
10581,125.985024934544
3910,29.5078670332266
2444,37.525182888356
6496,12.7556143743505
1796,71.0180866278002
6318,33.5336842106214
8064,24.1446991025011
419,46.1404496174671
2769,14.459664322918
1831,157.876996256905
6681,30.8642818152774
7688,114.465949232078
5024,25.4303553704612
8926,498.587535764498
9038,23.7422957499143
6863,23.1952050346218
576,118.365591310844
9993,67.8128178800541
5647,26.378025688074
11001,15.1848888643027
6911,27.0254925977432
5112,35.2414710248419
2521,49.916306423974
4171,461.616942497566
1951,104.480653394197
6019,134.654636998811
10585,73.3564735128771
6073,286.873495381005
5496,24.102843365361
9667,30.7033623011482
12135,30.3445081421906
6172,78.3536867415826
2540,45.6639162505034
213,26.3575455028099
11683,74.1703223821076
11822,32.2970654314151
12246,142.992168855024
5087,15.162891894667
9962,41.3231442780984
5826,50.4083646170716
8366,46.0826187805288
1259,31.7879025157542
6527,37.1271924071551
12174,39.7738206911593
1498,27.2000756526608
5740,44.0297683700602
2163,31.6347035157502
7734,40.6771833185333
10900,220.718880620555
5733,403.684739498675
241,22.7232116744106
9131,26.3991098231218
8685,24.0090539038523
1809,17.7443955980542
1062,64.8340455985406
8935,77.2228171378593
5656,2.30819959047109
4820,20.0450514183654
3285,30.4242706380518
8094,39.5885414586652
7420,24.3607470775456
10654,80.523950392864
11039,33.3819729673082
109,38.8652897540961
1537,38.752391621913
11065,32.3954628031714
11391,33.0103567322942
211,39.858493509142
9948,45.457782593029
8299,40.9484662749435
9845,68.9758111523987
6580,59.5928065424038
1972,90.6233990929423
10051,47.0387287794145
3949,81.3973980757874
1565,39.0044323994744
7979,25.5882943376669
9508,32.1241798467612
6339,17.0321832677737
1065,27.5677078457196
2079,590.635536503769
12220,40.021854182477
1219,74.973290056213
1417,15.7911327449605
2298,51.7523589265193
8660,43.5396122616186
980,14.5815329467767
5373,29.9063993450285
4149,69.2396789042635
3785,32.6017513849847
5171,18.4697363768623
8880,749.07004751307
4733,29.9501858831787
8142,55.4252446207222
3508,13.3222373734901
10161,401.342439512556
12078,79.5539217946421
3043,63.3704580684242
3334,55.7752317408295
957,31.7598871639184
6743,31.45049711999
4986,35.6547407560201
6776,16.4618353289001
11441,36.0475693379824
7292,46.4566354064146
3705,14.6947979161244
1076,48.5093839222004
8326,28.9324959613176
4300,52.8775893055921
11135,11.7959110379593
8611,9.86301651925252
3514,14.6757356930334
2676,20.2449705058783
5780,24.3616667932488
3988,-1.07632398316483
7432,40.2213966174958
3745,105.565785219838
5162,12.1854110748101
2506,17.1133215948115
10739,419.195447608141
3784,26.275263796038
790,34.2147153258056
148,24.8567807648512
1321,20.8197821684335
432,40.1113049276669
7091,44.3584502926605
1060,33.4363239738266
3121,18.5582444672847
12161,59.0171258608018
5328,51.5768802470407
4036,239.116454331006
1315,34.8907274757762
1706,106.927502513833
4455,52.8775893055921
3529,30.7818676206984
7479,16.269291018887
3182,72.4096619769693
2949,22.2782304387044
3057,43.0522227510593
4410,64.8287053595422
5095,38.2820789691219
2203,65.1053285549507
2865,14.5099515141194
11202,28.2843741752209
3612,40.286466489999
6651,61.6728596083279
8643,40.9815811224398
1731,66.7380752946319
160,45.3633682994931
1341,20.9700859646731
2985,31.000222303812
11396,26.0963936693326
11811,87.452170914607
5104,85.9205752363657
10430,14.3833121128115
11072,98.0384991853654
7441,23.466487991032
3408,32.7667931161916
1615,21.8979723355621
9781,30.437373663674
2099,33.2492354230613
8130,29.3522418380334
4084,27.7192497806363
9135,26.8696569509259
9310,79.6345564062155
3648,26.8487075378302
10954,33.7827587712426
1087,38.1087640401734
4865,496.758898395004
1236,28.6940181639961
8295,44.369633065715
6146,24.3615206723212
7435,33.0627427787607
3517,242.585669078831
10285,24.9585479717316
2810,27.176683867816
6551,32.9218997199958
2367,43.8628431886257
4841,75.3238364429881
1134,52.4411321002103
6985,17.6386748106964
4395,224.09516344662
1012,29.2115946457007
5359,35.5499993584005
6886,16.7804902128911
3088,27.4361342838607
10963,52.6305014644551
7849,29.1167208673364
2595,40.8651818714119
11702,117.823025398023
10902,63.143142093159
12084,241.864961544562
10175,108.219838073417
7465,28.1098237265328
7381,364.624447206971
1685,28.3224881447177
8357,125.171176065313
840,24.9834635532843
9830,19.9392067300398
10734,28.6721807997683
6519,69.3400388279098
10853,26.6748371101733
9314,34.3271673738141
3895,110.152472044242
8378,159.360238541259
4519,29.0490160229115
7419,42.0840379878712
8811,37.1309054251611
6895,32.3973288714246
3007,23.885544430414
200,87.9704256122127
6536,276.58932197452
4408,93.0488150561567
10389,55.7303853821282
1568,41.8595047187788
1712,48.6427155155262
7923,53.2768495968219
381,34.3624057510042
3971,28.7777330665014
11967,33.5452073092852
4760,50.2704132539872
2010,52.3492132031492
3608,49.3232327914309
9883,59.3019101741617
5853,18.936987214207
9869,113.407867521164
6512,97.4608781846346
11348,24.7167210887798
1827,33.6042269918289
3189,42.4924016546597
9395,46.5885510832357
9020,3.9358973289321
10270,18.6598810062347
7395,25.8083734031923
5124,254.253749015092
376,42.880561817311
9071,182.322289644128
568,17.1087089473311
7004,37.9491530489555
7249,31.1355647716876
4317,41.7507726022646
4387,27.0335152664464
9598,37.5950488993849
1344,35.138760967094
76,32.7711689378744
378,43.2631402119666
9414,29.4869109484812
10257,27.140939907336
4988,11.1745745247605
9588,18.0895330673611
9003,31.1434711994133
3857,92.7775320997466
10975,32.6192289091302
794,29.1827034623641
1645,88.5293797945422
7998,89.1283828496306
10061,27.4705253059904
8573,19.8096061109323
9423,28.5101419866165
8490,-9.54341986312036
8690,110.454180947165
7945,250.453167519549
12208,126.718824202643
8092,43.0955285127284
2019,29.3500260863872
6123,75.8664023558084
5525,134.303922675347
748,39.112924758859
5165,17.0709485804011
4170,31.5881030025947
4091,26.6777465256754
10000,38.0277929332184
588,60.4750107329509
5473,94.1082065649221
10763,26.1088523610319
10135,17.8821946856452
8784,52.9004189444859
1022,9.74739117964087
1,23.3843718586073
586,54.7993996393571
11416,76.1054657987818
4953,134.032639718937
4314,275.504190148879
916,73.2896301240468
6327,16.2545883190618
5387,32.8192972291552
5586,75.1410052832093
4659,24.1125316868338
3357,28.8687843698392
1934,50.2088194037386
5699,26.2306341920767
5091,56.7627701382577
11520,125.0456394113
4151,54.8435388740996
12,50.2757265094763
5438,497.030181351414
7064,78.5494245805748
4646,23.7332366461761
696,30.4299368053298
6216,68.0179064476554
7383,73.5115434333272
3603,64.6925626372211
8358,128.436995611603
7210,364.353164250561
11563,48.2033704911884
8543,44.6371082289229
8707,64.1360182139322
8420,26.3509393160126
1789,112.93993218264
290,31.627283291044
3123,29.5840115775658
10467,32.8394070544879
4109,23.5478179240183
4808,121.790243934378
2377,28.9653011204062
7687,32.7644009529408
9340,20.0146292875542
9857,14.6545950692217
10309,67.5881148466667
4221,114.147248235085
12042,36.9661285257683
4470,91.708530918583
3407,22.7640094963879
2714,70.1010780359551
8572,33.0538517354335
2192,21.4624355603646
6440,37.5899013593968
1453,21.6788776707472
3799,102.822895895163
11752,81.0665163056843
5555,43.7688751184736
11819,34.9324632950422
12160,78.1282198610931
4589,113.113125335711
6939,56.1999536561505
8686,15.2980018557762
7447,29.3469475190973
5513,38.8815976704068
9141,33.4824606970653
8436,69.2278523201321
1222,67.1697751766284
12077,80.9909711882663
1940,16.5707556819911
9446,57.6865198485493
2616,-1.61888989598516
1125,20.7536584269303
12191,28.9665812781447
8032,25.8565439103014
4592,105.778291465726
2979,84.4860104820229
7389,31.3066006652296
3170,94.240537795623
5447,51.4369942393646
5228,31.5834800021941
3029,7.85620695120705
4655,28.303090234328
6805,223.628554973454
7709,151.480798700476
1218,72.8938274268333
8532,51.2814956004827
4471,89.5488029205999
2438,41.6598212032866
7286,91.942059158268
8925,86.811693118062
11505,35.771968678976
7055,40.6098056418878
1371,156.376126020747
1129,36.8153238631076
9960,26.5444407871565
11201,27.4139232916581
4133,57.1614769256274
4121,22.1784741607933
6418,37.1271924071551
2097,50.7249066412375
8964,20.3312942386832
9778,32.1225901446015
509,33.4330777783607
5894,114.961097104315
4950,265.067289269211
1528,27.6414960922823
10241,25.4726751550759
2590,52.6204961595594
793,21.47706787883
1064,47.0226395980317
377,27.0977263822702
3739,110.152472044242
8214,498.316252808088
10216,405.583720193546
8429,95.4316840934271
4388,28.8514356838134
12037,57.3099884265597
8218,112.322735695523
10945,8.87721473281174
8148,38.3467504404862
2695,107.028005422949
3704,30.1744745863873
7078,97.7321611410448
5033,26.6111612917453
5693,29.3129529109033
2270,29.5552161217804
8105,463.515923192437
5451,32.3793338071754
12058,33.7486564347613
8457,25.0591432447422
8715,70.2647537279641
5767,28.371887814122
10328,115.239575446698
5723,30.4927517959991
6866,22.5464574374985
5816,73.3926362346801
97,10.2478889041826
8210,69.075983197072
7918,-9.81470281953052
6954,42.5097372291229
35,22.1311066062288
4941,27.3047982228565
5868,36.8559094507449
3554,23.1906707333558
7828,76.22613710885
445,36.2967044443973
9121,32.738273079033
1710,39.641124668724
2069,29.8413924136097
6728,43.1821483539751
3290,362.45418355569
3284,45.8726464466587
4247,16.955094209528
8510,27.5870489741276
4559,74.6460449060977
4034,239.278708789202
4909,49.0333999675387
6607,45.2321363011848
2433,34.1606756665396
9228,38.4836071892059
3773,41.711431066645
398,24.3596261330042
6109,37.3803268079629
5884,50.8129791668076
2653,32.0403104094388
11654,25.8665407323743
10164,276.493641480688
1061,21.8805593920346
3425,55.9489212690272
8330,283.041461698519
7513,66.502983021026
803,109.906312522401
166,257.780427448424
3248,20.3928767534274
2224,39.7439005771787
4017,31.1345019052998
6369,76.2090919594321
9503,49.1905946838356
1421,91.9050056600949
4274,11.6704825487098
10083,86.4767318230974
8277,101.440316792764
897,15.5957765090392
5459,33.1221694478099
8868,57.3894281223408
3531,16.0109770722353
1675,58.5313318341861
248,406.940134975597
5064,38.3680005732482
12057,33.1617948219506
4912,43.3062505238902
4892,150.383394757096
1042,22.9364544314039
5790,15.4554421496565
1308,38.3620335725392
10948,117.402643712007
1576,20.4823754705201
7711,101.169033836353
3944,69.5237266865912
10338,44.7840348354162
9876,78.0366660070898
1841,203.395290707422
8344,10.4394962559084
5582,18.115648592683
11156,47.4390335625797
11522,88.5596440441716
11855,32.7958722640755
246,16.4103599793093
10381,39.6141866319041
1653,48.2381009657902
7747,30.2409142021639
1739,35.442740115698
12014,53.7970916873194
192,33.0671552204857
6686,75.571176473112
2713,71.3412797820458
5369,15.5086467853549
12108,33.1420567297143
1142,30.3598461221898
7247,41.5739315438097
10172,115.554671943403
6481,122.604092803608
2858,21.6468560686117
8973,44.9083911853331
7768,142.745616279682
5503,29.1557823765232
519,54.3867215376726
94,10.4621199895304
10026,160.4453703669
7856,99.4936494398437
12258,44.0154781515013
3506,11.479687709938
5661,9.65905766424372
5773,25.7982548033104
8753,34.4469949676162
7238,97.7321611410448
8399,76.3850253423425
3258,142.812966204372
10552,749.612613425891
2853,21.7031524948095
8996,42.5515916919219
2545,28.597501413429
7815,107.464765914709
11944,126.593318853603
9802,39.488882054268
738,97.1180594023093
1225,49.6450234675639
6529,30.4292271656126
10878,57.3026782522648
5198,13.6703041173151
1579,19.8336278733968
1743,30.5954446571876
5303,42.6137711841349
3941,17.1475475270113
9783,19.2663725491574
5675,10.8146414880578
6836,25.0457284248466
6841,13.107385448399
7643,33.5133185045836
5819,73.1156444132125
3545,24.7523516801864
11946,76.376748755192
5263,101.156823899839
1314,33.8893927101294
341,17.4688287391152
5786,16.7609003113635
5311,25.1451763975494
74,32.8469774126539
7905,90.8293706186689
5074,35.0196621935062
30,28.2499200108838
292,19.0239515042905
1231,16.487950854222
4740,31.3244335335187
8416,25.0237205353912
6891,11.2889622968098
3728,11.6582104309705
2694,253.168617189451
12068,36.0746927060772
604,54.0139872788104
7191,144.711946899243
9204,34.0296496102862
6997,42.3539542328257
7241,75.3353740345248
11401,26.9461200665835
1120,34.9569287558737
9033,35.0244229299506
5264,73.1213532782699
3900,105.565785219838
2647,7.8480623200224
6788,32.4909166873507
7968,26.0796563596024
10988,88.2883610877614
9561,32.2830998042489
5227,15.7120224062415
348,65.4213427259159
6138,62.0812229774519
10374,8.3346488199914
10420,50.0872554372931
4356,58.5076747167632
12086,105.394768039779
255,54.2793743100786
5540,36.8911090509776
11950,68.7618069833736
5994,33.5155163845388
4215,22.8631460424058
11997,32.936439013832
770,81.6787810825889
7053,51.6738919735709
2446,26.2315154715592
7434,32.6748061215811
7454,29.0879264145507
2665,73.8321960368672
6258,240.201586156646
5713,113.655691248531
9079,73.0851905564669
4566,31.40578486171
12090,99.2528953749361
3208,28.308869770993
993,49.1249981382854
2995,47.6790541940248
11246,32.3044114998336
1842,186.500215386527
9813,20.8738601515035
11815,38.4088977686154
9642,45.4509570981535
5182,243.399517948062
6508,111.508886826292
10275,11.3153931941767
9461,66.0101118664317
10768,43.3642018808859
5532,65.3712712723626
5572,96.9183122718142
4439,10.9032915683503
7564,23.466487991032
7862,95.3477200983607
891,6.9972778902648
5493,43.8568324780088
4397,281.142481003647
1217,73.9674216609372
9160,24.7178310372866
10554,283.855310567749
653,77.9591755254138
1549,16.5707556819911
8915,46.353901736939
6505,239.15213198046
3330,74.5099875737576
2081,417.336079160148
12104,46.7999969003521
4472,36.8640212233148
5990,42.5646214714951
8526,365.167013119792
5738,41.1746960507557
2711,39.9137743365898
5724,33.6588678587896
9473,13.3448381760419
3134,23.1471186265765
600,27.2232147323305
2326,84.2191167416089
5179,15.4895845622639
6446,49.3067519324858
2525,39.4036678925284
1434,51.8066472903289
6522,57.4029294792905
11045,105.452514201973
11055,36.7833031865094
5117,31.0344701050073
6148,25.9729212832815
9147,23.3669914902665
1089,28.9129462178006
5581,40.7600826745792
6041,44.1281154344189
5617,70.3375755558217
1649,67.8832641222127
5126,399.172175861274
4238,35.0074334455802
2777,242.314386122421
8243,32.0255581852574
9997,25.0393303108256
10623,77.4701571679832
6101,71.4574928180059
11810,89.3477054184716
10629,94.6926434390949
186,74.712888294928
12095,77.7769206422163
9331,70.6964536099606
10048,63.7089207159129
204,267.545335396227
6556,33.9581661670356
7609,32.220353386974
1136,48.9139984719364
9933,106.078291372085
5807,52.5443870520897
8870,46.3172681268255
6739,31.5202897376685
5670,38.5533619255321
1472,21.6826173802697
2975,21.2137052410036
2278,49.1852814283465
9259,39.3429036754939
11515,11.9254512973596
7675,31.7542752288472
11355,9.14849768922191
2108,23.4870789755996
1439,33.4085152454353
3814,42.202387116107
5910,37.6130037669794
3332,69.9435889083914
7414,17.2943625108784
9406,44.9152166802087
10891,33.2534735203633
3047,41.3577061126933
852,100.51910203837
1252,29.5871492910153
11111,58.4745599479815
1426,75.9121401338911
3878,60.316444826277
2041,5.3647956887995
6155,23.9385887097506
11362,18.4813855914701
1108,38.4966026489428
7003,32.8013927298814
6606,49.8472488367692
36,22.7977582374155
11729,34.325324684063
12070,45.698233415256
10683,37.7324917576079
6542,33.9972075890845
9635,31.982023394845
7582,39.5281534272093
6346,26.754209641333
6742,2.1278868404237
12123,45.7806754127976
5402,43.2906166985709
2746,27.6582231225414
1467,15.3244935526291
1034,14.1521231882439
7495,62.9797961182244
11555,77.5056376858062
6980,35.8335110627367
8002,41.4807151694547
1188,62.8278921556039
11649,41.8657101909187
2443,21.9853550882598
11765,38.5628914172286
11312,130.459359715254
10570,54.8629290183873
1094,18.4532513640381
8408,25.4466524979619
3804,84.4179077277755
10801,30.3954513704947
7470,32.6686118278348
1885,20.5484992120234
4183,42.0712052713145
9220,25.2623429592163
5362,22.0306132755986
561,22.4893314645791
1918,34.9921283561064
697,25.4268729560734
5584,117.321911197068
4417,34.9458701439047
318,26.638959582153
1698,26.0968463611113
1313,40.5599362527589
8479,69.1030382732961
4313,218.031549290817
10574,37.7565099768082
1058,56.0763450999867
9080,53.9803021181595
952,50.4536236848273
2927,34.8782001112334
5817,80.5716369938256
7814,98.0034440974549
10867,31.9082351482823
2038,5.57902677414738
7275,26.7963176268634
3947,101.604233864011
10185,31.7107404384348
10766,87.8968249437027
6420,28.5383929688029
1262,28.0549355006087
9223,23.9295939704698
8283,87.371863704933
6550,34.6130395352281
4429,60.5877277826872
2569,23.0310616082708
6160,25.3860596704708
10499,158.305555221653
11871,42.3916602687772
7836,91.1765006590609
2258,33.6632474114553
11140,38.2012656208267
6689,45.6823139973637
8539,25.0237205353912
11494,56.5442342513587
1360,27.9127790486924
10266,26.26064748812
3932,22.8534568841099
2499,42.4124603364227
1882,27.8081855935784
252,59.0365489663778
2597,42.9154107027286
6056,24.5748392478229
9616,251.53829934519
79,33.3682316298896
7020,54.3739706000773
10371,39.1605993097167
9179,92.3273411842846
106,47.1440747836058
5501,21.9983997932296
4810,85.3042485672496
9644,245.841064555753
7773,79.9712661603184
11661,53.7282574183064
469,29.635560315855
8072,67.8181581190524
1794,72.6225444704231
9178,75.0203339731411
7340,4.62001669766737
9777,30.1041030147523
1705,24.8849758734738
6390,16.3816139110187
7140,82.977251902454
943,178.795611210796
10539,42.1599949622815
7156,36.3309393178209
8788,45.1722991618911
3039,120.976395065147
6838,21.2819156047321
4051,28.6430956324307
7867,47.9868336710572
1554,12.1726575136323
258,35.1163527292727
3767,496.216332482184
4096,32.4485523849807
827,90.3521161365322
11029,47.9320875347783
4336,32.5796035349895
10300,82.4706176886968
5715,363.810598337741
9469,47.0414600899939
3035,28.8212675193879
2981,38.8080444120059
6443,115.232380060725
7425,73.6069126986061
4889,188.127913124988
10615,45.7148650747114
3756,39.9462338053487
8081,74.2007762388532
7229,12.2597063504012
3227,71.0733093583028
9977,51.7462295316404
3460,591.178102416589
6349,8.77788469361184
8719,55.6822906880987
6194,31.1792141635799
1848,100.831400650203
7761,282.770178742108
11251,26.5619708861302
1014,13.8695753324972
1862,42.7905896934933
8806,34.8719311665897
10799,34.3085460540306
7266,32.1550610327816
6890,27.8385407701227
4282,496.417272113216
7877,43.3067284791034
6121,106.650917045479
8004,40.492679573906
10263,33.7537436534755
5462,25.4303553704612
5996,31.9505520837103
8787,46.8469557091376
2150,32.0385465273417
5220,15.9666413436606
856,76.1834230903013
6190,31.2490067812583
3879,22.907643716065
6972,29.2588874267055
7753,43.2727658168606
5837,30.8119269126718
10860,60.4168724025494
4259,121.518960977968
998,29.9619765574794
8272,417.554618355551
1657,39.2013346643584
10169,182.593572600539
7068,33.2420355481734
5652,11.0856611141972
10580,178.146688104668
6336,15.7267251060667
2318,27.5543785938702
8894,80.5138320731387
4680,22.5170013640401
6142,47.2916139889645
3790,187.585347212167
5376,21.587036314247
5306,23.3633622643451
3083,36.4738995570694
6199,24.1204242784387
61,50.1570973223386
7795,45.8113358241187
8540,26.3509393160126
7379,128.560379020383
2363,49.892105612975
7040,9.75518764607823
7410,13.3786684048092
6703,28.696543655399
3056,48.3273597442559
8860,31.0216993350947
10712,24.5561446191448
3478,51.2674725540578
1096,460.531810671925
3477,70.3723609923652
830,22.1912570210398
9591,88.5338565492411
8785,58.4880613049312
5315,29.6810435369099
2718,51.457616577937
9563,22.397141673646
10479,44.6955435871569
10723,37.9543005889436
7252,75.9548541524398
5209,31.4261539969725
7448,24.3875433294352
892,29.2839331653702
5144,52.0813214232883
1156,67.0093582510421
2422,72.1383790205592
7173,71.6715584917852
4055,22.8534568841099
2601,37.2828687476076
7112,32.4931179965306
3480,48.8399489927912
10691,11.3378051928275
7280,18.7752452654723
1454,31.6816612905509
6265,106.592140334956
4956,123.192145769311
1289,41.3885382468765
8461,25.2055561040794
7938,27.3157660177174
8086,55.9462634702139
12196,227.893124836363
6164,98.5918318374647
7302,43.0354455226933
1550,10.3945558842973
9544,46.4420891360608
4730,31.7162609042407
1380,55.2326658280092
10817,18.21010263506
9069,241.720255396893
449,112.441130375185
7547,31.3066006652296
6617,747.984915687429
3643,21.2167644063681
5419,51.2485203950259
5488,43.0162359853375
7736,25.5207721400201
6582,36.1159012036388
531,47.6640330100322
8976,99.9482466195155
8628,74.749051016731
836,16.804615805351
2111,39.2949575347333
5752,22.0038915246781
11877,20.0802214183879
9174,31.0943862790518
1306,24.0834880627617
5578,56.9483322996187
730,290.128890857927
8727,34.1221230905198
10850,25.8251107129225
7486,18.956604586667
9112,22.9459673383988
1113,26.817340819014
508,25.1137147475792
2577,130.525869636373
1984,25.2547465096945
3220,746.357217948968
11625,38.5012029691023
2185,7.7887147608445
1487,50.0214541198999
4747,15.5677650417882
8240,31.2430760348431
6070,281.956329872878
6590,24.9782062271998
7531,16.9241798238391
5660,7.20672451260839
8061,24.1752651244663
4164,29.9980780434413
9577,69.9168871425266
4824,77.4642927549341
9130,34.8900989926722
1285,47.6769851854879
11790,12.6431701847556
6499,76.8410922305405
9108,33.4946971848001
11344,31.4291510779869
7538,61.5154443546979
8561,15.2980018557762
9381,104.629362039946
10519,45.1834819349455
5109,51.34124845721
6340,30.5688101246026
3341,17.5192963472559
6274,30.0830426999738
11292,32.025782475005
3441,83.3829265684545
5136,127.475247194742
6991,39.2568704707992
6113,85.4552783360112
3025,27.5794908373152
10019,39.5505904592443
9376,158.034272265243
5640,45.1739867494496
8993,55.6046086800712
11664,96.5754934894889
2023,29.2802334687087
4638,17.9106254160611
8747,68.1619622831682
7692,35.1556054480484
2602,28.235167153681
9621,120.066346388277
6650,71.7287757744161
3484,28.7266279179229
3118,35.4994946686941
4476,30.7986462507308
773,64.6569721288398
6458,50.4602378131738
9205,464.058489105257
9447,54.5916460619771
5782,31.8547629586043
5577,51.2727212060249
10808,26.1185415193278
10434,69.8898320663025
2124,19.2564848278992
4079,21.1900426554476
8147,24.762126737277
3141,59.5792585278488
4029,398.629609948454
1372,138.109075639641
2239,216.649636274403
10200,19.2412122316825
2789,30.5105846642882
8406,91.4477836154711
7842,25.7862255531971
2103,28.1840620051026
10097,45.5970153984496
6628,51.2867108106149
5102,21.8433150550431
8673,23.6583110140596
3615,38.5400345147483
5960,115.110195833922
2780,54.4247387074049
10101,31.4147541558235
4989,84.9127124231909
1016,26.4729071192508
3623,15.0251991289679
2744,15.4522066268713
10207,14.4638002304498
4796,17.2263771659381
2899,60.6470742953538
2088,179.066894167206
2689,39.3632729303143
4871,42.2539969794654
3482,29.4076199703584
4725,41.6406315667474
5499,27.5879302536101
3242,23.4242437849823
8249,498.386596133465
4530,19.5865018407425
4546,38.0107960127117
10484,33.3851106807577
1872,37.0203466341553
853,89.2292295941663
8144,51.8981109924482
2155,30.0697392149216
7929,32.5542219777114
7530,42.781020185533
2497,22.3650778032447
3791,204.480422533063
1577,11.771323422444
276,35.1107916901901
563,29.7255987754109
3427,59.6520220543412
7094,14.885487077734
5188,43.75848541365
1278,80.3812661629648
9302,44.3418186332052
9111,15.5692848121863
9519,27.1647881852431
4440,84.6414294667807
425,28.6718548308816
4676,7.96403582438133
10845,27.0966442073457
4198,27.4532611431622
6180,54.2481938980204
7598,55.1397247752784
4227,30.5273632943206
1656,46.7310327815955
3659,37.6291727323381
8405,93.6075116134542
9124,29.1192931333669
8027,29.5548299085644
10445,98.1677635492954
8011,23.7377709474421
3668,31.2715052602221
8718,56.2845450991722
5092,67.475340534835
8738,14.0091810262214
5190,39.1362647918551
3985,6.39287564337788
3996,23.0390321623205
4422,192.962050550626
3237,25.5821655833833
369,53.6637600939936
1276,102.009047025932
5485,35.5733352908184
7780,33.9982980202926
10399,34.6646890033402
5497,23.3417698703107
2375,21.2966379324327
10643,29.323990855847
8743,306.960874965863
9592,86.6383220453765
10983,32.6192289091302
8103,21.4373638845499
4515,38.0967176168381
1701,20.4823754705201
4111,15.2372550138846
1443,43.0037230981682
4938,36.2471422578271
5224,10.4751134275793
4256,29.3638334322082
4192,34.4770962806858
7689,52.5221260650053
10669,44.6631432611543
10716,86.9096050017867
8314,27.0676005832736
5643,29.5915819357319
8360,72.5426246436466
10700,92.1857854007198
1181,28.2787016065675
6323,27.5672578137125
2293,29.7135144250901
3251,26.7598017279502
7670,19.2007804183237
11496,57.0387054701496
6753,0.280090798886022
8224,77.9574025767248
10369,34.255617780734
3218,29.7553516232144
11445,33.2055813601008
11150,129.793410393653
3826,21.1845509239991
5730,25.1147767140606
9499,63.980203672323
8228,74.2734821047222
5345,48.7641860196655
8044,32.939894784245
10619,119.763457804759
6562,416.740769486321
8089,49.5159874622529
8152,39.7994363836195
9928,97.7672162289552
5294,218.006051056453
2906,38.6513299529937
11305,252.08086525801
9288,14.2804639826316
11620,64.0685755690779
8176,33.8508401341097
1486,73.0183471676367
6977,32.4095653591594
2759,19.5277677843093
7801,38.1941756771934
11623,46.0003485058493
3309,30.1285838216091
5097,33.1254422350794
7516,51.2222134863021
9565,17.9618646975621
8863,27.3388835396837
9345,32.2206965973283
8921,38.7367415900138
5010,86.6337946596341
4383,21.4558338804093
10251,13.5453525693832
3619,29.7267950870311
9273,35.6097137437174
6413,25.6877423103697
7949,181.779723731308
10628,49.4618776402458
4370,39.0494855800723
9175,103.05580459471
6197,30.3841191093777
1673,216.107070361582
7744,27.696293117386
9107,29.5816025012642
6202,20.4981609787748
1281,71.867096064149
11288,38.2255835453538
7628,51.9451749299811
10375,40.61328525285
9870,142.178319985793
10045,77.0399859780805
501,21.0243385556805
10981,11.3804714199546
9377,152.553658408377
11273,6.51899739253856
6254,274.865943742227
6592,24.6454092781813
10320,32.710907607543
8195,67.890679326758
5463,416.286172306649
9610,256.695295622783
9530,93.2984739403188
8167,56.0132621427621
11731,28.5556571316311
4897,93.8369236085119
5009,117.050628240658
2344,55.3800577753123
9871,98.4390465057056
7336,39.3672107947626
7333,68.5604723604757
1490,45.3561485875507
1495,27.1426892596219
5,78.3964007601313
6474,29.4533592887413
6604,56.3042962967001
6004,62.6999144074613
12255,60.1157590433922
6185,42.4928796098729
4835,110.695037957062
8534,31.8491665780499
9980,284.126593524159
1893,22.575617702064
10126,69.6456041861164
689,103.610580444045
4529,19.6843121095443
4921,23.0704869139005
7368,417.56774986968
5310,35.0196621935062
375,41.7588051099465
2874,13.4914412684831
1180,19.959338575786
12190,29.8665567686674
4859,30.3978604467963
2582,101.06166795119
7350,53.0055666404117
2965,21.2962243397506
1540,16.6784880601698
3089,25.113788516438
1201,76.1078779728832
10282,24.9891139936968
8275,157.491706352423
2573,16.8652576198571
12193,27.7299938738572
4052,28.9979108743331
2640,29.2981076631615
2007,18.9599195927247
986,241.771820209601
9372,27.3293360653324
7056,43.2566868075645
6277,23.9385887097506
7079,107.193482958299
11680,130.064693350064
8842,75.122491541071
10487,162.381188908026
732,147.424776463345
8962,26.3287914660174
11768,41.6233960501703
10028,113.407867521164
7205,53.5065142363364
2644,15.4274715750488
2552,22.3108909712896
2230,29.1842291742107
4064,54.9673046202253
8098,31.8970587383124
5995,42.7965628922857
3143,32.159101602488
9683,27.4122228637462
4785,49.6463889439432
2828,8.22609991197045
9025,19.1224549423714
2973,31.6848941854245
8876,31.3348640269106
11692,38.9101362329421
3187,43.6044385627238
551,45.1736501178185
9737,50.6011192878936
5425,40.7600826745792
1409,24.7121805968741
10771,21.2902983191427
2053,9.18694374959683
2449,20.6419850111788
4199,16.2822600286455
10680,26.1442750703829
7304,39.4531323988889
2469,160.181448140495
11734,26.6514182738523
9555,36.0221885931136
8867,76.5005221226321
965,41.3817127520009
6801,419.506342811429
10955,27.1426403352479
4445,139.194207465281
1881,25.6889495587389
6793,29.9129052167625
2241,59.0738977470064
370,65.2588845543267
2763,11.2084047535278
283,26.8290899371267
1241,495.402483612953
2073,27.7426415654811
711,30.1939758423562
1806,12.1726575136323
7653,98.0034440974549
3270,21.5126518774934
11905,13.7305089045013
10354,18.0093116494797
6667,111.508886826292
1451,27.9425725016862
9641,87.6255419872926
10154,31.2693199988133
12102,56.6755506953345
11390,26.7810655509451
2866,23.4790203442243
3689,53.8429984914807
7601,36.6351311840412
6329,24.9263805560643
9728,92.8699070971049
8323,37.8748399962881
11046,63.3772199175911
8318,57.1181451659307
9167,59.6030235333189
8155,84.0180603424884
4994,139.465490421692
4178,37.9004556887483
8441,46.9992013192349
8478,58.3904678767187
2342,74.9421115356693
8131,17.1954627802492
649,85.6900814665557
3738,157.189974889978
7602,38.4268526362099
7922,76.2737426445587
737,126.990107159053
2772,10.5035463410859
3976,29.2989872837371
3493,39.8375234475537
4597,49.3825149056115
2864,23.1030622799997
7267,25.5149425967869
103,44.7421503802869
161,37.4779608659746
4113,15.947051442133
4461,86.362511703224
6303,23.9482778680465
8261,35.4268884044586
11061,29.8019422293702
11172,117.551742441613
11107,31.8686119406249
8470,11.0154724462946
5213,28.1984151265136
10194,42.8216359680655
2727,41.9242786648212
3328,95.8331804461736
6008,33.39345240422
1682,30.0885631657797
4110,31.0409140893738
11521,95.3675657817228
4264,50.3174771915201
3904,50.4588723367944
8102,17.1954627802492
11189,64.5227695851434
3640,22.5495133951146
6597,22.54096570605
2196,21.4318695383994
3086,29.098908853491
9551,31.7618455870132
6892,14.2375119568406
8557,33.2234142283899
3882,48.8399489927912
2553,25.5260294661046
3931,27.3401288733482
3272,31.8280343690112
6100,64.3824141279707
3152,32.6286223175024
6269,35.1482161179325
6001,34.3417565788179
5276,61.7322061209945
527,90.9628369491459
1933,47.7548171671505
3340,22.6114044733576
10508,90.8043392496723
11408,38.0481342327995
7590,32.1550610327816
9100,52.6516765716176
12166,46.2716314622595
10334,34.255617780734
10711,18.4247605984656
5524,143.898098030013
4996,114.567629921101
8875,40.5092954088679
927,19.702404593058
5324,30.9116309038312
1546,18.5690860406305
2064,41.5797384994806
9327,77.4941000942694
7082,75.3353740345248
6166,70.6088585122319
5166,24.2318795556161
3908,39.9462338053487
9729,75.2859080644939
11203,21.4164260643238
8317,25.9189819121345
8982,95.8902860111811
7075,111.780169782703
2338,10.0894426991198
1337,54.1598414152171
3660,25.9701076991145
8446,45.6282402668303
11301,594.976063806332
7265,26.5154871961018
121,89.447253669698
6842,17.0230795544683
9823,36.1522796565378
12109,22.8987717698474
7508,91.2544814763831
9087,35.2865655972506
8180,18.8540749043992
3191,37.8341955033858
10015,46.2104217261651
9467,51.5527785568928
4008,85.5497440287292
2355,95.5618974897634
2980,37.357889775928
1447,-0.584942723677997
2292,24.7524671004719
8755,32.4645707090318
10946,41.1558511656703
6308,26.1087664622373
9231,25.1600750058516
5127,416.482618044039
3937,24.3009278448301
12088,114.221716390394
4014,42.3935873687111
1529,31.4886042075082
3688,52.7462728616163
5569,110.966320913472
22,21.9589919771442
8797,32.2968411416675
11213,45.9935230109738
7284,94.8891181806068
9405,38.4174059091084
8807,44.1529776743366
5384,64.4555898940649
9268,56.5558280555824
9379,97.2246503161349
7417,15.1567700341442
589,48.7459364040088
8156,63.8647352575221
10782,18.9220602493394
3841,28.8933174192191
8652,17.4667457366594
6567,100.626467923533
2198,60.5382495105329
10634,28.1431849345629
5002,51.0014382496147
4727,31.8140711730425
6609,42.7301999040403
3540,27.4479668242261
10784,17.9969520531087
4069,38.5936988790348
11430,44.0844278797414
2035,-1.89017285239534
1511,220.915725409352
47,29.1827034623641
6518,73.4596332354917
5008,30.0504329460469
5663,6.99249342726052
7555,30.7661753625506
10522,41.762315144174
3906,52.6063063491819
8435,85.9341659102771
5624,84.5777511282263
525,26.7419851443851
702,57.5313020628534
2425,54.405315601829
3933,26.068595378925
11450,38.003774714018
2110,41.6529957084111
3331,73.4363933396537
222,29.1827034623641
7981,21.8244815175525
11548,142.720885898614
3707,28.0969445066905
575,99.5241783313463
6224,11.085924444468
11145,40.0853477073957
10503,136.553617693682
4179,31.5427882166323
9539,22.7578809824671
9303,45.5789240008217
10923,25.9739238750821
2036,29.5552161217804
9222,33.4886549908116
9419,29.4750618741379
8491,87.5482729748268
6407,30.7640347524092
11816,46.1915487584535
6790,31.8483189742378
6521,51.8152871188452
7578,33.8199445474296
5619,94.26258827272
11436,63.4144250495691
2115,16.8352625321845
10702,70.1881700989367
3111,50.1633885693852
10796,41.8490943559568
7443,22.1321184691683
902,58.8381731851107
7873,43.7247142667954
3050,29.7517411449301
11978,45.1673100000796
4344,99.5413360978924
3313,75.2144535189859
11239,41.3521130937601
7262,38.2204360053657
2039,8.03135992578271
4816,32.548014272745
2149,4.8079703866592
10610,76.6917888165757
6427,27.3265224811653
9045,53.8194155096423
6341,25.1067180826853
3375,130.797152592783
2383,40.9369237330341
3654,16.0109770722353
8347,36.8448508387759
5939,43.9512262623607
9805,85.2742342736515
63,48.8981820141061
1057,60.2669665541227
1778,65.82058772015
6802,417.29646691327
596,26.1797311478158
2881,33.978889886647
7289,78.896252654403
7850,27.0676005832736
2164,23.1437143461997
2459,20.0489162339236
483,37.2374114821784
11017,117.551742441613
558,40.5574379285888
11025,53.9613499591276
2205,47.2939225544419
304,12.8379101709433
4360,55.2191644710595
9054,30.9406506493643
11994,34.8511119668509
3414,14.7064692206401
1004,20.1049108298069
10778,15.0063661432702
4449,105.837068176248
12134,54.2490337578845
11337,58.4939830535575
3710,20.7731874450165
5030,27.8826947861685
5680,86.1918581927759
4261,85.0329656108394
12048,34.3906170382553
10012,63.5718403031991
906,5.67500881583302
324,27.4886859794038
2760,39.9137743365898
4943,224.268636134229
9749,33.2772739253635
2507,10.0894426991198
9880,71.2390195227809
4286,139.194207465281
8329,23.8038946889454
2803,26.660437363217
6385,35.5622281063265
9789,111.268029816396
8665,33.6152415991119
5957,102.410655519267
1428,65.7011738867999
1095,30.502971176954
1427,82.4074874769449
1858,71.5958131077388
10498,207.464535053574
5005,43.2733184670199
6669,115.381478790332
5437,268.986324410162
5681,86.3635928979597
3306,36.0239120259121
6200,34.1232078982424
6014,205.565554358703
8636,57.013802525381
4160,38.8113174711585
4125,15.2017691539281
3090,16.5180189780345
2358,74.2387046173474
7986,17.5656454672886
11869,47.013880890572
9875,79.0425344023655
2961,22.1759624853397
6554,62.9711973638715
7603,34.7958648744869
7919,87.2769900184166
7500,67.5468751626423
2253,27.0886237754242
8946,88.5327753545053
3617,38.9226129094039
9846,66.8971365017564
1688,29.6906936010693
2177,22.7339690547878
212,44.0533552250921
11535,15.4561718207129
5788,24.0682359868434
833,29.4422314686799
12221,40.627913620216
1702,11.771323422444
10582,129.250844480833
10728,31.7544995185948
2072,19.9736875494681
4320,32.9120757634438
10524,46.0270961292901
1368,495.332140287576
7969,26.1999085397013
5017,55.3508723366801
3159,49.9085064553218
5523,265.338572225621
10296,31.3656692354619
8116,43.9701859661857
1776,75.8365950164731
266,21.8359275935377
11641,31.3027554339529
2404,24.0739405884103
9999,35.3547128023434
5620,102.418082733241
3812,42.1993694144336
8353,38.7289329253448
6671,106.922200001889
1274,84.3877511844211
5589,61.8099400210417
11347,30.6667343269049
835,23.672563916248
6231,84.7393413505053
7510,73.929493282443
197,28.3701721909827
10676,33.4192704325397
9916,53.435184888654
1400,21.9199740646297
4340,187.856630168577
2328,63.0991751120141
705,79.2029128382744
6212,7.26377638367068
10425,45.8502069572319
12022,162.265856322318
11564,46.5287139439419
7583,160.183561404185
2335,29.4804581885199
2745,18.1424813030977
4153,64.875285282565
7975,19.9338835370918
7103,276.86060493093
6824,34.2014337716099
6055,40.2610142674104
9186,52.0360623555326
10584,66.2813948228419
1838,27.7836525441985
1388,84.7348139647629
10361,28.9542202196264
11142,38.2990758896285
95,12.9144531411658
9378,101.982882705584
3163,20.4081679234823
10660,87.0192977359178
2330,49.5036283222896
1802,43.3202772758054
6012,416.469486529911
2218,48.7806668786106
7152,43.8270671528946
9863,34.8697332866344
4295,70.4861548212117
6090,35.857529281937
11012,104.852202126959
2940,97.7009569142685
11424,57.5739612086749
7148,74.3086426718405
7043,30.720248214259
503,33.4330777783607
7771,124.548560551362
5967,73.1883502790815
8566,7.79208290717106
1239,274.419058323238
7698,52.0787701066031
1521,69.2872291667246
5291,32.130668915415
10349,38.7548901456161
5039,17.6901134398317
10854,25.5316799065171
7067,57.5503214265937
2025,24.7503279496129
10905,34.7981836935543
1853,80.1099832065546
4625,22.1100732089811
5464,188.487164814546
1989,36.3657510104849
3783,50.1797894117319
3749,70.2148718648015
9605,31.5406029552235
4252,14.9660808725346
1917,33.6872656306557
5539,35.5862463255268
11263,9.70532299136221
3211,25.5260294661046
4575,25.6880682792564
11,48.3951435614654
4283,238.067000154819
4315,268.443758497342
7062,13.2859081694316
9252,38.9463161414477
456,49.9044679905252
2171,12.0672483055592
7943,420.048908724249
12178,26.5971653472327
3936,24.1806756647313
2728,83.3586153532398
8345,57.143953935729
11538,79.282638838232
3747,74.7812705301678
7806,86.2691272052417
10804,16.3831336814168
8161,25.7862255531971
7324,10.4729065334742
1608,22.4848339483728
4375,23.5603282666447
3833,23.7487182608532
5465,205.294271402293
9478,104.038353257728
5859,28.7163215138852
8821,34.7498671862709
4927,28.884499420113
10690,18.2331476539723
10889,42.4492913427361
6286,56.0524364458659
5558,45.1424793951227
6658,37.6516097643731
9655,34.4191575608115
2652,37.1969471434812
1106,30.3598461221898
2560,41.9242786648212
9864,45.7321633062624
10259,12.6453770788606
8512,593.619649024281
11388,19.4737298754652
11070,158.848121134474
8837,83.7911007716845
10121,17.3331555459483
9364,161.674957646648
2327,65.1778497626563
9985,146.339644637704
4825,76.0272433613099
8087,61.4557506717916
11235,46.9846550488812
3431,32.3115933658489
5543,363.539315381331
5542,37.372518143294
5458,27.0891126652685
2664,85.0071781159089
10592,31.7107404384348
7534,463.244640236027
1873,41.9578517831376
3036,29.4081291321986
5443,33.2442334281287
7763,409.864148116266
1429,50.361726807254
5483,74.872824384171
4913,42.7449530289273
10084,69.7704182329525
7561,16.9241798238391
7838,25.1753695415517
2830,23.4149973026099
5714,99.9880244132776
10609,77.7653830506796
1840,414.299222878629
4675,22.5475673860052
9458,125.713741978134
10402,33.3054852126146
7279,44.0945423161026
8740,31.5340970834895
10231,18.9950895927472
4484,27.4890231288754
10290,54.4433677469609
6028,74.7037800484918
5698,23.9896606901872
2098,50.7513853165589
8717,55.1878194693078
9937,87.6733032046976
10505,96.2784702162035
12257,46.7999969003521
706,55.5630447233265
11191,47.852577648645
557,41.0857098160423
3011,20.9454814499579
4665,29.7549612553721
1410,25.8613253904144
3151,31.2942019815348
6509,140.279339290922
4385,28.6132164637028
3729,160.582239337277
8207,162.752502988558
11934,65.1500597695058
11615,84.9930764219377
5042,70.0662925994116
2801,25.2238348899992
7899,32.2680456858821
10822,35.7039478619027
7584,115.862914706694
9743,41.7954299916704
7483,27.2967755541534
812,21.6423270260152
3856,122.64957985649
9103,41.0352454867263
10530,43.0086209713508
8587,12.1028111660403
7934,30.4554711295828
6854,40.9381492566344
11461,19.8089384619777
10745,183.136138513359
218,32.2700333815143
7940,593.348366067871
1381,49.6450234675639
10586,63.3005573467889
6948,24.3848968181685
2819,26.1351806128551
5383,66.5342645447071
4123,17.328906848206
11582,36.2283459486405
11007,35.1410162430446
8977,133.509982156885
2076,22.3619629517262
9474,87.0829760744722
1431,44.7314381941352
7357,32.2829390213012
639,28.9570338037934
9633,32.6630154472804
6252,417.025183956859
2290,47.4077712376146
2129,71.1653660909146
7337,5.11845693191067
4412,55.2449732408578
6408,23.9059281771655
5583,30.3217159024571
694,751.05699694109
306,27.9104930765762
11319,55.0654339438002
2420,83.8753418149552
9739,51.0715600841582
9456,195.403597158317
5440,102.739684637872
8679,31.308741275371
7559,24.3462261366211
7605,29.6922471094483
5943,23.486589667463
6401,32.627920042273
7896,3.39333141611176
269,22.7977582374155
3140,101.654552812231
1100,58.8026147905963
7852,26.1999085397013
2128,242.043103166011
1671,460.260527715515
1890,24.7121805968741
10641,26.1088523610319
5312,31.5957164899289
8053,10.5015443249462
11603,191.38330860191
1625,13.8453543718773
10506,84.3336666845048
11188,77.7414401243933
7041,13.1953321569909
6351,23.3308502332706
3405,29.0277043273269
865,50.6330097636642
1901,284.703231729723
313,18.7108376265786
5955,238.88084902405
9769,25.8049088720366
52,97.5179837496421
8661,44.3116986027526
1030,23.3429785175937
2678,19.1214440670221
7036,31.8021723248483
7391,30.6256086127941
6074,265.609855182031
8919,31.1681745256145
322,11.7619972141237
8765,34.0558844174039
2353,113.482498095461
9970,31.5973289842147
6668,140.279339290922
4258,304.790611314582
11559,54.2326329155377
484,25.5572917089308
10856,25.5011138845519
9509,27.8719019781527
11014,142.449602942204
10221,43.0736767456269
4291,105.837068176248
2310,31.4314413764133
11921,12.4005250198174
1804,38.8611019797081
11685,52.6379103825335
1684,38.2253196925326
5078,19.9555950659544
485,32.1337937171398
9221,30.3440192523462
8095,24.9274627309888
6152,18.9748794566323
11852,33.4768643165109
7146,59.864089498814
4604,23.1247398405201
1666,28.9367466228008
7057,33.6331460983857
7374,223.899837929864
2645,17.4946121095374
10228,34.1478746044014
11651,30.5601936997786
1810,20.7540720196124
9183,71.681225511955
2042,15.8670594654494
4932,24.0322733350026
911,14.0202887212086
7533,33.2158007410557
7855,19.0465282218825
4924,24.3454380268185
9944,47.131116996056
8641,42.7280130976906
5766,27.4915953949059
7835,48.105462858195
5851,32.3566370858628
3312,63.5030218193874
11127,146.610927594115
4753,38.1717386451585
10171,119.795063431867
8229,70.1538876971403
3771,32.6407928070336
476,57.086800164179
26,26.9227012302624
8067,63.2510790746346
9622,129.916793802433
10930,33.6244604679329
6750,11.6282270270175
7888,36.376076975557
10360,40.61328525285
5546,123.814761283262
7203,36.3022849259556
1913,53.8885584588069
8615,24.4159820589112
5602,25.5715446111192
4934,44.4182874319543
1932,41.8698944236024
11015,99.6311418359159
4951,143.626815073603
307,35.1101584355263
9455,365.438296076202
10558,267.508835876903
4534,8.35369267231565
8668,41.7519981258649
5160,23.7214925852956
3901,74.7812705301678
11196,40.1194167002369
3304,28.4553449615128
3715,91.5696043919804
4914,39.7436826885061
9639,27.1647881852431
9540,47.8130501884654
9771,34.031220903632
7190,266.152421094852
10157,25.8886413850584
352,55.7997825290118
362,93.6960280840747
4424,123.272195370442
9137,12.3740941224505
1362,35.4813461130918
229,50.7932606827248
6641,37.3090246183753
9330,74.8160480175425
8239,19.4720633747338
4650,24.6993932996445
5098,7.30270655429404
2992,113.604682322264
5742,39.4075477482653
7131,189.213044950628
807,54.7993996393571
9120,27.4651812442881
10890,37.7324917576079
9039,17.5469671545408
7344,16.7331182853103
11233,45.3524120052564
5988,269.257607366572
11400,11.2194313013034
791,20.0640168858442
12232,55.3631955755318
10668,54.9735370662269
8301,45.2132472600596
12254,54.5281166829469
12231,52.9091933389437
6578,74.975063004902
11229,23.3004468952874
9457,177.875405148257
446,25.425025448703
12015,49.633185034115
10284,26.132271197353
9026,91.3719365314893
3581,22.0050014731849
10444,117.009176528793
2296,17.0758987617611
785,100.019491468618
118,12.4598725789953
3044,49.7749112786997
7876,36.6639107223574
4781,52.83749075216
8013,22.4034014255785
7107,103.553533507102
545,20.1446501173989
6425,21.589552556348
1103,30.4576563909916
7405,16.6299279741994
303,16.9503415209423
8904,38.394156444016
4752,30.6403479474211
8451,46.5304015315004
9251,33.886524555522
11699,105.123485083369
6657,45.685045307943
8741,10.2953395943139
6526,41.3026485873996
4260,91.8408873483906
5051,52.2607075021252
10645,27.4360711416533
9306,22.2153150696467
10674,43.3654405611524
2994,61.4231886498305
208,60.9568659575588
1960,16.2166678978118
11095,46.5696620421105
4678,22.5170013640401
8703,7.79208290717106
10368,48.5480532084743
9814,71.0786025971946
2891,74.5813942209711
6064,29.9784492448598
900,65.847642796374
1159,53.0291496222502
11977,63.6857080059793
11823,24.585497808441
781,39.4527021457625
5393,20.3163343747755
8689,28.411654306806
7255,60.9849876649921
2571,30.4989814312173
9679,35.4326649054926
5725,29.4569445016612
2794,19.961854817887
5811,60.9326002842159
926,27.4139722160321
5442,33.4546416762641
7264,30.7677650647104
9601,33.4760167126988
7398,44.0945423161026
9143,30.4733538856093
2835,14.6946891010643
5135,117.624799780586
10440,160.17408741049
11975,221.261446533375
4869,33.183358719854
9525,100.490812532336
1787,137.837792683231
3768,41.4794896458544
245,15.1153566000587
9817,57.0983939684028
9799,32.5715648604475
7568,42.2668409536593
10187,30.0529584374499
1176,10.7537855492993
3692,24.1568273868242
1745,82.0087305402127
11082,76.2076233667117
2841,23.2986828176033
6692,92.7936627442237
923,45.600648545516
11569,22.6274888134372
10165,251.267016388779
5320,16.8248259414658
7701,34.2073012734505
9462,73.0851905564669
11010,241.322395631741
1714,30.1863734345815
10521,42.1852292961977
1854,86.7350949035198
757,60.5939394476808
8565,25.0334096936871
2920,91.3573291747731
7717,89.7192074240316
7523,40.4390152096195
4945,22.1761969504844
5521,408.779016290625
4555,-11.4424005579915
7149,75.6866732534016
5829,48.9012964328768
3993,56.2202042254374
11887,26.5578069807165
8810,53.0646919778257
8823,27.0580531089222
7830,76.1137423859323
1703,19.1480059486565
10688,22.6684246300561
4715,30.018528875953
6045,23.6130528267208
8438,52.8366362835735
7222,53.3565972728082
8348,34.2695809767027
8415,29.5103925246295
3186,41.9311041596968
9047,44.8351339764026
7509,76.7516578722524
6131,18.3869315490932
4653,13.1523801311999
140,50.781807715754
2043,88.1165410545672
6356,52.8156700084999
10163,418.65288169532
4991,238.33828311123
6306,28.804381606277
4582,248.825469781088
6563,188.941761994218
541,60.2631509906954
11160,21.182565940964
9146,17.6788016215762
10830,16.1364926517117
518,51.4436702193439
7529,31.3749436580039
6255,249.639318650318
12189,31.574038390363
1476,5.40372585942286
1906,139.76150375917
10367,52.7119598616788
3219,212.194039738572
10038,55.8617018261039
3298,60.0451618698669
7290,68.6852864073118
1101,40.2842167846965
11423,68.4019637158972
2643,8.11196851946794
9757,183.648029154551
584,54.7751988283581
8648,32.1683416947226
5921,30.1776823014387
3864,32.0993173254214
7702,22.6664003079121
6566,151.197243626326
10710,13.2561880957494
8522,119.252497519047
5593,47.0203310325543
10313,50.800277127748
8762,77.9262240561811
249,246.926196381394
9329,72.9277014289032
9386,90.5330562932621
11411,63.6454298483176
9617,242.262821309713
5327,108.826483208704
5439,42.2933385150849
2600,39.56747917141
10236,20.4795128114868
6179,45.9140694935943
4959,65.0999883159524
5329,85.5711423076636
9388,87.1307372918772
6916,23.6021331896807
10562,143.830748105323
7423,404.498588367906
8279,135.739768824452
11799,41.5374744460439
3576,23.7503033006344
9510,33.5114758148325
4242,28.0645493709873
1005,16.6815514217445
11658,289.586324945107
6305,33.9375272222129
11632,26.3258823908225
5900,31.3412121635511
1489,41.0371725866602
10143,54.0906984660524
8782,70.4251706535504
1491,33.2545215968222
2144,12.3138893352643
7242,71.8425696032625
11631,27.0869558858729
4639,15.2259901145481
7269,19.5174453694527
